Category,Item,Measure,price,Image Link
Oranje,Uitbeenmes smal flex.,13 cm,"€ 8,36",http://www.manhard.eu/upload/webshop/default_020733067.jpg?uid=0.214123
Zwart,Steekmes,16 cm,"€ 10,14",http://www.manhard.eu/upload/webshop/default_020822052.jpg?uid=0.2118036
Zwart,Steekmes,18 cm,"€ 11,19",http://www.manhard.eu/upload/webshop/default_020838001.jpg?uid=0.9305536
Zwart,Steekmes,21 cm,"€ 12,71",http://www.manhard.eu/upload/webshop/default_020838001.jpg?uid=0.9305536
Zwart,"Gebogen, flexibel",13 cm,"€ 7,94",http://www.manhard.eu/upload/webshop/default_020801003.jpg?uid=0.8991205
n.v.t.,Steekdolk,15 cm,"€ 10,58",http://www.manhard.eu/upload/webshop/default_020316082.jpg?uid=0.3150751
Blauw,breed,18 cm,"€ 11,9",http://www.manhard.eu/upload/webshop/default_020702053.jpg?uid=0.6874353
Zwart,Uitbeenmes,13 cm,"€ 9,2",http://www.manhard.eu/upload/webshop/default_020824019.jpg?uid=0.4887659
Zwart,Polkmes,10 cm,"€ 6,75",http://www.manhard.eu/upload/webshop/default_020837004.jpg?uid=4.479617E-02
Groen,Polkmes,10 cm,"€ 6,75",http://www.manhard.eu/upload/webshop/default_020837004.jpg?uid=4.479617E-02
Geel,Polkmes,10 cm,"€ 6,75",http://www.manhard.eu/upload/webshop/default_020837004.jpg?uid=4.479617E-02
Blauw,breed,13 cm,"€ 8,36",http://www.manhard.eu/upload/webshop/default_020701053.jpg?uid=0.8741571
Blauw,breed,15 cm,"€ 9,35",http://www.manhard.eu/upload/webshop/default_020701053.jpg?uid=0.8741571
Zwart,Huidmes,15 cm,"€ 14,99",http://www.manhard.eu/upload/webshop/default_020509065.jpg?uid=0.2304041
Zwart,Huidmes,18 cm,"€ 17,54",http://www.manhard.eu/upload/webshop/default_020509065.jpg?uid=0.2304041
Wit,voor kloofbijlen 27 t/m 32 cm,n.v.t.,"€ 14,57",http://www.manhard.eu/upload/webshop/default_020241003.jpg?uid=0.7148401
Geel,voor Hakmessen,25 cm,"€ 7,05",http://www.manhard.eu/upload/webshop/default_020241001.jpg?uid=0.2655603
Zwart,voor Hakmessen,n.v.t.,"€ 7,05",http://www.manhard.eu/upload/webshop/default_020241001.jpg?uid=0.2655603
Wit,voor Hakmessen,25 cm,"€ 14,57",http://www.manhard.eu/upload/webshop/default_020241001.jpg?uid=0.2655603
Wit,voor kloofbijlen 24 cm,24 cm,"€ 14,57",http://www.manhard.eu/upload/webshop/default_020241005.jpg?uid=0.0662958
Wit,voor kloofbijlen 24 cm,24 cm,"€ 14,57",http://www.manhard.eu/upload/webshop/default_020241005.jpg?uid=0.0662958
Zwart,Zwoerdmes,n.v.t.,"€ 9,07",http://www.manhard.eu/upload/webshop/default_nl.jpg?uid=0.3038446
Zwart,Steekdolk,16 cm,"€ 18,68",http://www.manhard.eu/upload/webshop/default_020143004.jpg?uid=0.1419184
n.v.t.,26 cm,26 cm,"€ 24,14",http://www.manhard.eu/upload/webshop/default_020338004.jpg?uid=0.9118158
n.v.t.,Koksmes,17 cm,"€ 79,41",http://www.manhard.eu/upload/webshop/default_020435017.jpg?uid=0.9293939
n.v.t.,Officemes,9 cm,"€ 32,7",http://www.manhard.eu/upload/webshop/default_020435021.jpg?uid=9.595889E-02
Blauw,Smal geb. flexibel,13 cm,"€ 8,36",http://www.manhard.eu/upload/webshop/default_020701077.jpg?uid=0.9617426
Rood,Smal geb. flexibel,13 cm,"€ 8,36",http://www.manhard.eu/upload/webshop/default_020701077.jpg?uid=0.9617426
Blauw,Smal geb. flexibel,15 cm,"€ 9,35",http://www.manhard.eu/upload/webshop/default_020701077.jpg?uid=0.9617426
Zwart,Hammes,30 cm,"€ 22,58",http://www.manhard.eu/upload/webshop/default_020510033.jpg?uid=0.873852
n.v.t.,Linkshandig getand,36 cm,"€ 26,3",http://www.manhard.eu/upload/webshop/default_020434029.jpg?uid=0.4434931
n.v.t.,Linkshandig getand,36 cm,"€ 24,52",http://www.manhard.eu/upload/webshop/default_020434029.jpg?uid=0.4434931
n.v.t.,Linkshandig getand,40 cm,"€ 13,43",http://www.manhard.eu/upload/webshop/default_020434029.jpg?uid=0.4434931
Zwart,met kuiltjes,20 cm,"€ 15,85",http://www.manhard.eu/upload/webshop/default_020805066.jpg?uid=0.917248
Geel,Smal,15 cm,"€ 9,35",http://www.manhard.eu/upload/webshop/default_020701054.jpg?uid=0.1645166
n.v.t.,Groentemes,12 cm,"€ 49,08",http://www.manhard.eu/upload/webshop/default_020435031.jpg?uid=0.9511988
Zwart,Keukenmes,15 cm,"€ 7,04",http://www.manhard.eu/upload/webshop/default_020426038.jpg?uid=0.5605127
Zwart,Keukenmes,18 cm,"€ 8,08",http://www.manhard.eu/upload/webshop/default_020426038.jpg?uid=0.5605127
Zwart,Banketbakkersmes,30 cm,"€ 14,49",http://www.manhard.eu/upload/webshop/default_020429040.jpg?uid=0.8217432
Zwart,Hammes,24 cm,"€ 9,25",http://www.manhard.eu/upload/webshop/default_020429033.jpg?uid=4.092044E-02
Zwart,Groentemes,11 cm,"€ 4,68",http://www.manhard.eu/upload/webshop/default_020426031.jpg?uid=0.5306665
Zwart,Steakmes,12 cm,"€ 4,54",http://www.manhard.eu/upload/webshop/default_020426039.jpg?uid=0.6705591
Zwart,Vleesvork,14 cm,"€ 6,11",http://www.manhard.eu/upload/webshop/default_020426022.jpg?uid=0.2548487
n.v.t.,Schubmes,19 cm,"€ 3,22",http://www.manhard.eu/upload/webshop/default_020316077.jpg?uid=0.9930689
Blauw,Schubmes,27 cm,"€ 4,81",http://www.manhard.eu/upload/webshop/default_020316077.jpg?uid=0.9930689
Blauw,Schubmes,18 cm,"€ 27,76",http://www.manhard.eu/upload/webshop/default_020316077.jpg?uid=0.9930689
n.v.t.,Shoarma-/Souflakymes ,36 cm,"€ 21,62",http://www.manhard.eu/upload/webshop/default_020434065.jpg?uid=0.1335108
n.v.t.,Shoarma-/Souflakymes ,40 cm,"€ 24,13",http://www.manhard.eu/upload/webshop/default_020434065.jpg?uid=0.1335108
n.v.t.,Shoarma-/Souflakymes ,36 cm,"€ 21,94",http://www.manhard.eu/upload/webshop/default_020434065.jpg?uid=0.1335108
Zwart,Shoarma-/Souflakymes ,44 cm,"€ 17,08",http://www.manhard.eu/upload/webshop/default_020434065.jpg?uid=0.1335108
n.v.t.,Shoarma-/Souflakymes ,36 cm,"€ 21,62",http://www.manhard.eu/upload/webshop/default_020434065.jpg?uid=0.1335108
n.v.t.,Shoarma-/Souflakymes ,40 cm,"€ 11,72",http://www.manhard.eu/upload/webshop/default_020434065.jpg?uid=0.1335108
n.v.t.,Shoarma-/Souflakymes ,44 cm,"€ 12,9",http://www.manhard.eu/upload/webshop/default_020434065.jpg?uid=0.1335108
Blauw,Dolkmes,21 cm,"€ 27,88",http://www.manhard.eu/upload/webshop/default_020739002.jpg?uid=0.201687
Geel,"breed, gebogen",20 cm,"€ 13,28",http://www.manhard.eu/upload/webshop/default_020805055.jpg?uid=0.6261865
Oranje,Uitbeenmes smal,13 cm,"€ 8,36",http://www.manhard.eu/upload/webshop/default_020733068.jpg?uid=0.9018213
Oranje,Uitbeenmes smal,15 cm,"€ 9,35",http://www.manhard.eu/upload/webshop/default_020733068.jpg?uid=0.9018213
n.v.t.,20 cm,20 cm,"€ 12,08",http://www.manhard.eu/upload/webshop/default_020338003.jpg?uid=0.1774561
Zwart,Snijmes,25 cm,"€ 11,88",http://www.manhard.eu/upload/webshop/default_020429059.jpg?uid=0.975857
Zwart,Snijmes,30 cm,"€ 13,54",http://www.manhard.eu/upload/webshop/default_020429059.jpg?uid=0.975857
Zwart,Snijmes,36 cm,"€ 14,76",http://www.manhard.eu/upload/webshop/default_020429059.jpg?uid=0.975857
Zwart,Snijmes,25 cm,"€ 12,98",http://www.manhard.eu/upload/webshop/default_020429059.jpg?uid=0.975857
Zwart,Snijmes,40 cm,"€ 18,04",http://www.manhard.eu/upload/webshop/default_020429059.jpg?uid=0.975857
Blauw,Zalmmes,30 cm,"€ 14,29",http://www.manhard.eu/upload/webshop/default_020429027.jpg?uid=0.4525415
Zwart,Tomaten-/kaasmes,12 cm,"€ 3,24",http://www.manhard.eu/upload/webshop/default_020429024.jpg?uid=0.7127344
Zwart,Hammes,24 cm,"€ 11,79",http://www.manhard.eu/upload/webshop/default_020426033.jpg?uid=0.2898218
Zwart,Officemes,10 cm,"€ 2,92",http://www.manhard.eu/upload/webshop/default_020429021.jpg?uid=0.9643824
Zwart,Officemes,10 cm,"€ 3,01",http://www.manhard.eu/upload/webshop/default_020429021.jpg?uid=0.9643824
Groen,Officemes,10 cm,"€ 2,92",http://www.manhard.eu/upload/webshop/default_020429021.jpg?uid=0.9643824
Zwart,Broodmes,20 cm,"€ 6,91",http://www.manhard.eu/upload/webshop/default_020429020.jpg?uid=0.8567774
Zwart,Broodmes,25 cm,"€ 9,5",http://www.manhard.eu/upload/webshop/default_020429020.jpg?uid=0.8567774
Wit,Broodmes,25 cm,"€ 9,5",http://www.manhard.eu/upload/webshop/default_020429020.jpg?uid=0.8567774
Zwart,Groentemes,12 cm,"€ 3,24",http://www.manhard.eu/upload/webshop/default_020429031.jpg?uid=0.1324121
Zwart,Groentemes,15 cm,"€ 6,5",http://www.manhard.eu/upload/webshop/default_020429031.jpg?uid=0.1324121
Groen,Groentemes,12 cm,"€ 3,24",http://www.manhard.eu/upload/webshop/default_020429031.jpg?uid=0.1324121
Zwart,Schilmes,6 cm,"€ 2,61",http://www.manhard.eu/upload/webshop/default_020429025.jpg?uid=0.4557154
Zwart,Schilmes,8 cm,"€ 2,72",http://www.manhard.eu/upload/webshop/default_020429025.jpg?uid=0.4557154
Zwart,Polkmes,12 cm,"€ 3,78",http://www.manhard.eu/upload/webshop/default_020432058.jpg?uid=0.2269556
Zwart,Polkmes,10 cm,"€ 10,72",http://www.manhard.eu/upload/webshop/default_020511065.jpg?uid=0.9270899
Geel,Polkmes,10 cm,€ 11,http://www.manhard.eu/upload/webshop/default_020511065.jpg?uid=0.9270899
n.v.t.,Keukenset,n.v.t.,"€ 50,08",http://www.manhard.eu/upload/webshop/default_020437038.jpg?uid=0.8517115
Zwart,Vleesmes,20 cm,"€ 8,23",http://www.manhard.eu/upload/webshop/default_020429018.jpg?uid=0.5459864
Zwart,Vleesmes,25 cm,"€ 9,41",http://www.manhard.eu/upload/webshop/default_020429018.jpg?uid=0.5459864
n.v.t.,Messenblok,n.v.t.,"€ 219,24",http://www.manhard.eu/upload/webshop/default_020421048.jpg?uid=0.8421289
n.v.t.,Messenblok,11 x 11 cm,"€ 213,95",http://www.manhard.eu/upload/webshop/default_020421048.jpg?uid=0.8421289
Zwart,Messenblok,19 x 7 cm,"€ 201,62",http://www.manhard.eu/upload/webshop/default_020421048.jpg?uid=0.8421289
n.v.t.,Messenblok,n.v.t.,"€ 148,21",http://www.manhard.eu/upload/webshop/default_020421048.jpg?uid=0.8421289
Zwart,Schilmes,8 cm,"€ 1,71",http://www.manhard.eu/upload/webshop/default_020432025.jpg?uid=0.6362574
n.v.t.,Vleesvork,16 cm,"€ 19,89",http://www.manhard.eu/upload/webshop/default_020421022.jpg?uid=0.1611597
n.v.t.,Keukenset,n.v.t.,"€ 82,66",http://www.manhard.eu/upload/webshop/default_020421050.jpg?uid=0.7366602
Zwart,blokmes,16 cm,"€ 11,02",http://www.manhard.eu/upload/webshop/default_020425060.jpg?uid=0.9904444
Zwart,Soeplepel,19 cm,"€ 3,71",http://www.manhard.eu/upload/webshop/default_020431046.jpg?uid=2.163112E-03
Zwart,Koksmes,16 cm,"€ 7,99",http://www.manhard.eu/upload/webshop/default_020429017.jpg?uid=0.9640772
Zwart,Koksmes,18 cm,"€ 8,96",http://www.manhard.eu/upload/webshop/default_020429017.jpg?uid=0.9640772
Zwart,Koksmes,20 cm,"€ 12,98",http://www.manhard.eu/upload/webshop/default_020429017.jpg?uid=0.9640772
Zwart,Koksmes,25 cm,"€ 14,49",http://www.manhard.eu/upload/webshop/default_020429017.jpg?uid=0.9640772
Zwart,Koksmes,30 cm,"€ 16,54",http://www.manhard.eu/upload/webshop/default_020429017.jpg?uid=0.9640772
Zwart,Koksmes,20 cm,"€ 13,63",http://www.manhard.eu/upload/webshop/default_020429017.jpg?uid=0.9640772
n.v.t.,Messenblok,n.v.t.,"€ 198,43",http://www.manhard.eu/upload/webshop/default_020420048.jpg?uid=0.159939
n.v.t.,Messenblok,n.v.t.,"€ 209,58",http://www.manhard.eu/upload/webshop/default_020420048.jpg?uid=0.159939
Zwart,Grapefruitmes,8 cm,"€ 2,12",http://www.manhard.eu/upload/webshop/default_020428045.jpg?uid=0.1833765
Zwart,Ontbijtmes,12 cm,"€ 2,5",http://www.manhard.eu/upload/webshop/default_020428043.jpg?uid=0.4230615
Zwart,Tomatenmes,11 cm,"€ 2,32",http://www.manhard.eu/upload/webshop/default_020428044.jpg?uid=0.9927027
n.v.t.,Messenkoffer,n.v.t.,"€ 92,82",http://www.manhard.eu/upload/webshop/default_020425065.jpg?uid=9.42409E-04
n.v.t.,Messenkoffer,n.v.t.,"€ 215,07",http://www.manhard.eu/upload/webshop/default_020425065.jpg?uid=9.42409E-04
n.v.t.,Messenkoffer,n.v.t.,"€ 310,03",http://www.manhard.eu/upload/webshop/default_020425065.jpg?uid=9.42409E-04
n.v.t.,Messenkoffer,n.v.t.,"€ 395,12",http://www.manhard.eu/upload/webshop/default_020423065.jpg?uid=0.5111963
n.v.t.,Messenblok,n.v.t.,"€ 213,34",http://www.manhard.eu/upload/webshop/default_020423048.jpg?uid=3.609866E-02
n.v.t.,Messenblok,n.v.t.,"€ 132,05",http://www.manhard.eu/upload/webshop/default_020423048.jpg?uid=3.609866E-02
n.v.t.,Messenblok,n.v.t.,"€ 181,64",http://www.manhard.eu/upload/webshop/default_020423048.jpg?uid=3.609866E-02
Zwart,Messenblok,n.v.t.,"€ 181,64",http://www.manhard.eu/upload/webshop/default_020423048.jpg?uid=3.609866E-02
n.v.t.,Hakmes,15 cm,"€ 27,85",http://www.manhard.eu/upload/webshop/default_020423037.jpg?uid=0.3359644
n.v.t.,Trancheervork,16 cm,"€ 22,77",http://www.manhard.eu/upload/webshop/default_020423036.jpg?uid=0.2347681
n.v.t.,Trancheervork,16 cm,"€ 22,77",http://www.manhard.eu/upload/webshop/default_020423036.jpg?uid=0.2347681
n.v.t.,Aanzetstaal,23 cm,"€ 29,11",http://www.manhard.eu/upload/webshop/default_020421034.jpg?uid=0.448086
Zwart,Uitbeenmes,13 cm,"€ 8,95",http://www.manhard.eu/upload/webshop/default_020426019.jpg?uid=0.5844385
Zwart,Uitbeenmes,15 cm,"€ 10,06",http://www.manhard.eu/upload/webshop/default_020426019.jpg?uid=0.5844385
n.v.t.,Kaasmes,12 cm,"€ 15,43",http://www.manhard.eu/upload/webshop/default_020423035.jpg?uid=0.1870996
n.v.t.,Kaasmes,12 cm,"€ 15,43",http://www.manhard.eu/upload/webshop/default_020423035.jpg?uid=0.1870996
n.v.t.,Japans hakmes,17 cm,"€ 17,44",http://www.manhard.eu/upload/webshop/default_020423032.jpg?uid=0.4086573
Zwart,Fileermes,16 cm,"€ 7,13",http://www.manhard.eu/upload/webshop/default_020429023.jpg?uid=0.3844263
Blauw,Fileermes,16 cm,"€ 7,13",http://www.manhard.eu/upload/webshop/default_020429023.jpg?uid=0.3844263
Blauw,Fileermes,18 cm,"€ 7,99",http://www.manhard.eu/upload/webshop/default_020429023.jpg?uid=0.3844263
n.v.t.,Zalmmes,25 cm,"€ 17,44",http://www.manhard.eu/upload/webshop/default_020423027.jpg?uid=0.4350244
n.v.t.,Zalmmes,25 cm,"€ 17,44",http://www.manhard.eu/upload/webshop/default_020423027.jpg?uid=0.4350244
n.v.t.,Groentemes,15 cm,"€ 16,56",http://www.manhard.eu/upload/webshop/default_020423031.jpg?uid=0.8382227
n.v.t.,Groentemes,15 cm,"€ 16,56",http://www.manhard.eu/upload/webshop/default_020423031.jpg?uid=0.8382227
Zwart,Vleesvork,13 cm,"€ 19,56",http://www.manhard.eu/upload/webshop/default_020420022.jpg?uid=0.9745752
Zwart,Vleesvork,16 cm,"€ 23,99",http://www.manhard.eu/upload/webshop/default_020420022.jpg?uid=0.9745752
Zwart,Vleesvork,21 cm,"€ 33,55",http://www.manhard.eu/upload/webshop/default_020420022.jpg?uid=0.9745752
n.v.t.,Broodmes,20 cm,"€ 16,63",http://www.manhard.eu/upload/webshop/default_020423020.jpg?uid=0.9356958
n.v.t.,Broodmes,20 cm,"€ 16,63",http://www.manhard.eu/upload/webshop/default_020423020.jpg?uid=0.9356958
Zwart,Decormes,11 cm,"€ 26,01",http://www.manhard.eu/upload/webshop/default_020420075.jpg?uid=0.1109278
n.v.t.,Fileermes,15 cm,"€ 16,56",http://www.manhard.eu/upload/webshop/default_020423023.jpg?uid=0.7599146
n.v.t.,Fileermes,15 cm,"€ 16,56",http://www.manhard.eu/upload/webshop/default_020423023.jpg?uid=0.7599146
n.v.t.,Aanzetstaal,23 cm,"€ 29,11",http://www.manhard.eu/upload/webshop/default_020423034.jpg?uid=0.0832178
n.v.t.,Aanzetstaal,23 cm,"€ 29,11",http://www.manhard.eu/upload/webshop/default_020423034.jpg?uid=0.0832178
n.v.t.,Koksmes,15 cm,"€ 16,63",http://www.manhard.eu/upload/webshop/default_020423017.jpg?uid=0.6675074
n.v.t.,Koksmes,20 cm,"€ 20,92",http://www.manhard.eu/upload/webshop/default_020423017.jpg?uid=0.6675074
n.v.t.,Koksmes,25 cm,"€ 24,19",http://www.manhard.eu/upload/webshop/default_020423017.jpg?uid=0.6675074
n.v.t.,Koksmes,15 cm,"€ 16,63",http://www.manhard.eu/upload/webshop/default_020423017.jpg?uid=0.6675074
n.v.t.,Koksmes,20 cm,"€ 20,92",http://www.manhard.eu/upload/webshop/default_020423017.jpg?uid=0.6675074
n.v.t.,Koksmes,25 cm,"€ 24,19",http://www.manhard.eu/upload/webshop/default_020423017.jpg?uid=0.6675074
n.v.t.,Santokumes,17 cm,"€ 17,44",http://www.manhard.eu/upload/webshop/default_020423016.jpg?uid=0.4834864
n.v.t.,Santokumes,17 cm,"€ 17,44",http://www.manhard.eu/upload/webshop/default_020423016.jpg?uid=0.4834864
n.v.t.,Vleesmes,20 cm,"€ 16,4",http://www.manhard.eu/upload/webshop/default_020423018.jpg?uid=0.7833521
n.v.t.,Vleesmes,25 cm,"€ 17,44",http://www.manhard.eu/upload/webshop/default_020423018.jpg?uid=0.7833521
n.v.t.,Vleesmes,20 cm,"€ 16,4",http://www.manhard.eu/upload/webshop/default_020423018.jpg?uid=0.7833521
n.v.t.,Vleesmes,25 cm,"€ 17,44",http://www.manhard.eu/upload/webshop/default_020423018.jpg?uid=0.7833521
Zwart,Steakvork,19 cm,"€ 3,35",http://www.manhard.eu/upload/webshop/default_020431042.jpg?uid=0.7503321
Zwart,Steakmes,13 cm,"€ 2,66",http://www.manhard.eu/upload/webshop/default_020428039.jpg?uid=0.1476709
Zwart,Officemes,9 cm,"€ 4,3",http://www.manhard.eu/upload/webshop/default_020426021.jpg?uid=0.1359522
Zwart,Schilmes,8 cm,"€ 1,73",http://www.manhard.eu/upload/webshop/default_020428025.jpg?uid=0.784939
Zwart,Schilmes,9 cm,"€ 1,89",http://www.manhard.eu/upload/webshop/default_020428025.jpg?uid=0.784939
Zwart,Schilmes,6 cm,"€ 1,66",http://www.manhard.eu/upload/webshop/default_020428025.jpg?uid=0.784939
Zwart,Officemes,8 cm,"€ 1,88",http://www.manhard.eu/upload/webshop/default_020431021.jpg?uid=4.592532E-02
Zwart,Tomaten-/kaasmes,13 cm,"€ 16,81",http://www.manhard.eu/upload/webshop/default_020420024.jpg?uid=0.3662989
Zwart,Schilmes,7 cm,"€ 13,75",http://www.manhard.eu/upload/webshop/default_020420025.jpg?uid=0.3780176
Zwart,Officemes,9 cm,"€ 13,75",http://www.manhard.eu/upload/webshop/default_020420021.jpg?uid=0.3274195
Zwart,Officemes,12 cm,"€ 14,45",http://www.manhard.eu/upload/webshop/default_020420021.jpg?uid=0.3274195
Zwart,Broodmes,21 cm,"€ 26,59",http://www.manhard.eu/upload/webshop/default_020420020.jpg?uid=0.9652368
Zwart,Vleesmes,16 cm,"€ 19,78",http://www.manhard.eu/upload/webshop/default_020420018.jpg?uid=0.3537866
Zwart,Vleesmes,18 cm,"€ 23,17",http://www.manhard.eu/upload/webshop/default_020420018.jpg?uid=0.3537866
Zwart,Vleesmes,21 cm,"€ 24,93",http://www.manhard.eu/upload/webshop/default_020420018.jpg?uid=0.3537866
Zwart,Vleesmes,23 cm,"€ 26,77",http://www.manhard.eu/upload/webshop/default_020420018.jpg?uid=0.3537866
Zwart,Vleesmes,26 cm,"€ 28,85",http://www.manhard.eu/upload/webshop/default_020420018.jpg?uid=0.3537866
n.v.t.,Hammes,24 cm,"€ 16,96",http://www.manhard.eu/upload/webshop/default_020423033.jpg?uid=0.7681543
n.v.t.,Hammes,30 cm,"€ 18,65",http://www.manhard.eu/upload/webshop/default_020423033.jpg?uid=0.7681543
n.v.t.,Hammes,24 cm,"€ 16,96",http://www.manhard.eu/upload/webshop/default_020423033.jpg?uid=0.7681543
n.v.t.,Hammes,30 cm,"€ 18,65",http://www.manhard.eu/upload/webshop/default_020423033.jpg?uid=0.7681543
n.v.t.,Officemes,10 cm,"€ 12,04",http://www.manhard.eu/upload/webshop/default_020423021.jpg?uid=0.5335352
n.v.t.,Officemes,10 cm,"€ 12,04",http://www.manhard.eu/upload/webshop/default_020423021.jpg?uid=0.5335352
Zwart,Santokumes,18 cm,"€ 33,59",http://www.manhard.eu/upload/webshop/default_020420016.jpg?uid=5.703151E-03
Zwart,Officemes,10 cm,"€ 2,14",http://www.manhard.eu/upload/webshop/default_020428021.jpg?uid=0.7322046
Zwart,Fileermes,18 cm,"€ 23,4",http://www.manhard.eu/upload/webshop/default_020420023.jpg?uid=0.114895
Zwart,Trancheermes,19 cm,"€ 24,93",http://www.manhard.eu/upload/webshop/default_020420015.jpg?uid=0.5122339
Zwart,Uitbeenmes,13 cm,"€ 19,3",http://www.manhard.eu/upload/webshop/default_020420019.jpg?uid=0.4381983
Zwart,Uitbeenmes,16 cm,"€ 21,44",http://www.manhard.eu/upload/webshop/default_020420019.jpg?uid=0.4381983
Zwart,Steakvork,19 cm,"€ 6,84",http://www.manhard.eu/upload/webshop/default_020425042.jpg?uid=0.2746851
n.v.t.,Messenblok,n.v.t.,€ 114,http://www.manhard.eu/upload/webshop/default_020425048.jpg?uid=0.4757349
n.v.t.,Messenblok,11 x 11 cm,"€ 135,16",http://www.manhard.eu/upload/webshop/default_020425048.jpg?uid=0.4757349
n.v.t.,Messenblok,n.v.t.,"€ 68,28",http://www.manhard.eu/upload/webshop/default_020425048.jpg?uid=0.4757349
n.v.t.,Messenblok,n.v.t.,"€ 136,59",http://www.manhard.eu/upload/webshop/default_020425048.jpg?uid=0.4757349
Zwart,Keukenmes,10 cm,"€ 2,23",http://www.manhard.eu/upload/webshop/default_020428038.jpg?uid=0.3598902
Zwart,Keukenmes,10 cm,"€ 2,41",http://www.manhard.eu/upload/webshop/default_020428038.jpg?uid=0.3598902
Zwart,Glaceermessen,26 cm,€ 11,http://www.manhard.eu/upload/webshop/default_020425041.jpg?uid=0.3716089
Zwart,Broodmes,20 cm,"€ 5,81",http://www.manhard.eu/upload/webshop/default_020432020.jpg?uid=0.7601587
Zwart,Broodmes,25 cm,"€ 10,64",http://www.manhard.eu/upload/webshop/default_020432020.jpg?uid=0.7601587
Zwart,Schilmes,6 cm,"€ 5,72",http://www.manhard.eu/upload/webshop/default_020425025.jpg?uid=0.5343286
Zwart,Zalmmes,25 cm,"€ 21,03",http://www.manhard.eu/upload/webshop/default_020425027.jpg?uid=0.2792017
Zwart,Zalmmes,30 cm,"€ 22,86",http://www.manhard.eu/upload/webshop/default_020425027.jpg?uid=0.2792017
Zwart,Hammes,24 cm,"€ 11,97",http://www.manhard.eu/upload/webshop/default_020425033.jpg?uid=0.7095606
Zwart,Hammes,30 cm,"€ 14,11",http://www.manhard.eu/upload/webshop/default_020425033.jpg?uid=0.7095606
Zwart,Steakmes,12 cm,"€ 6,55",http://www.manhard.eu/upload/webshop/default_020425039.jpg?uid=5.337161E-02
Zwart,Vleesvork,18 cm,"€ 9,9",http://www.manhard.eu/upload/webshop/default_020425022.jpg?uid=0.2286035
Zwart,Vleesvork,20 cm,"€ 10,1",http://www.manhard.eu/upload/webshop/default_020425022.jpg?uid=0.2286035
Zwart,Trancheerset,n.v.t.,"€ 25,52",http://www.manhard.eu/upload/webshop/default_020425049.jpg?uid=0.0139429
Zwart,Officemes,10 cm,"€ 6,05",http://www.manhard.eu/upload/webshop/default_020425021.jpg?uid=0.9399073
Zwart,Officemes,10 cm,"€ 6,41",http://www.manhard.eu/upload/webshop/default_020425021.jpg?uid=0.9399073
Zwart,Vleesmes,17 cm,€ 11,http://www.manhard.eu/upload/webshop/default_020425018.jpg?uid=0.9098169
Zwart,Vleesmes,20 cm,"€ 12,8",http://www.manhard.eu/upload/webshop/default_020425018.jpg?uid=0.9098169
Zwart,Vleesmes,25 cm,"€ 14,45",http://www.manhard.eu/upload/webshop/default_020425018.jpg?uid=0.9098169
Zwart,Broodmes,20 cm,"€ 11,39",http://www.manhard.eu/upload/webshop/default_020425020.jpg?uid=0.3401758
Zwart,Kaasmes,12 cm,"€ 14,49",http://www.manhard.eu/upload/webshop/default_020425035.jpg?uid=0.1084864
Zwart,Uitbeenmes,15 cm,"€ 9,2",http://www.manhard.eu/upload/webshop/default_020425019.jpg?uid=0.2448389
Zwart,Uitbeenmes,15 cm,"€ 9,2",http://www.manhard.eu/upload/webshop/default_020425019.jpg?uid=0.2448389
Zwart,Koksmes,13 cm,"€ 10,1",http://www.manhard.eu/upload/webshop/default_020425017.jpg?uid=0.8826563
Zwart,Koksmes,15 cm,"€ 12,51",http://www.manhard.eu/upload/webshop/default_020425017.jpg?uid=0.8826563
Zwart,Koksmes,18 cm,"€ 13,73",http://www.manhard.eu/upload/webshop/default_020425017.jpg?uid=0.8826563
Zwart,Koksmes,20 cm,"€ 16,43",http://www.manhard.eu/upload/webshop/default_020425017.jpg?uid=0.8826563
Zwart,Koksmes,25 cm,"€ 18,38",http://www.manhard.eu/upload/webshop/default_020425017.jpg?uid=0.8826563
Zwart,Koksmes,30 cm,"€ 22,27",http://www.manhard.eu/upload/webshop/default_020425017.jpg?uid=0.8826563
Zwart,Trancheermes,19 cm,"€ 11,86",http://www.manhard.eu/upload/webshop/default_020425015.jpg?uid=0.7986872
Zwart,Santokumes,18 cm,"€ 14,6",http://www.manhard.eu/upload/webshop/default_020425016.jpg?uid=0.333523
Zwart,Santokumes,18 cm,"€ 16,81",http://www.manhard.eu/upload/webshop/default_020425016.jpg?uid=0.333523
n.v.t.,Groentemes,15 cm,"€ 19,67",http://www.manhard.eu/upload/webshop/default_020421031.jpg?uid=0.3859064
Zwart,Snijmes,30 cm,"€ 16,79",http://www.manhard.eu/upload/webshop/default_020425059.jpg?uid=0.9614069
Zwart,Snijmes,25 cm,"€ 15,07",http://www.manhard.eu/upload/webshop/default_020425059.jpg?uid=0.9614069
Zwart,Snijmes,30 cm,"€ 18,29",http://www.manhard.eu/upload/webshop/default_020425059.jpg?uid=0.9614069
n.v.t.,Hammes,24 cm,"€ 21,64",http://www.manhard.eu/upload/webshop/default_020421033.jpg?uid=0.187237
n.v.t.,Fileermes,15 cm,"€ 19,67",http://www.manhard.eu/upload/webshop/default_020421023.jpg?uid=0.347027
n.v.t.,Officemes,10 cm,"€ 15,23",http://www.manhard.eu/upload/webshop/default_020421021.jpg?uid=0.7920343
n.v.t.,Broodmes,20 cm,"€ 20,95",http://www.manhard.eu/upload/webshop/default_020421020.jpg?uid=0.4921686
n.v.t.,Vleesmes,20 cm,"€ 20,59",http://www.manhard.eu/upload/webshop/default_020421018.jpg?uid=0.2546198
n.v.t.,Vleesmes,25 cm,"€ 24,1",http://www.manhard.eu/upload/webshop/default_020421018.jpg?uid=0.2546198
n.v.t.,Santokumes,18 cm,"€ 28,91",http://www.manhard.eu/upload/webshop/default_020421016.jpg?uid=0.2034723
n.v.t.,Groentemes,15 cm,"€ 17,96",http://www.manhard.eu/upload/webshop/default_020437031.jpg?uid=0.9659235
Zwart,Koksmes,16 cm,"€ 25,74",http://www.manhard.eu/upload/webshop/default_020420017.jpg?uid=0.2474176
Zwart,Koksmes,21 cm,"€ 30,42",http://www.manhard.eu/upload/webshop/default_020420017.jpg?uid=0.2474176
Zwart,Koksmes,23 cm,"€ 33,1",http://www.manhard.eu/upload/webshop/default_020420017.jpg?uid=0.2474176
Zwart,Koksmes,26 cm,"€ 35,68",http://www.manhard.eu/upload/webshop/default_020420017.jpg?uid=0.2474176
Zwart,Koksmes,29 cm,"€ 49,59",http://www.manhard.eu/upload/webshop/default_020420017.jpg?uid=0.2474176
n.v.t.,Fileermes,20 cm,"€ 20,75",http://www.manhard.eu/upload/webshop/default_020437023.jpg?uid=0.5472834
n.v.t.,Koksmes,20 cm,"€ 26,23",http://www.manhard.eu/upload/webshop/default_020421017.jpg?uid=0.8764459
n.v.t.,Koksmes,25 cm,"€ 30,87",http://www.manhard.eu/upload/webshop/default_020421017.jpg?uid=0.8764459
n.v.t.,Officemes,10 cm,"€ 15,55",http://www.manhard.eu/upload/webshop/default_020437021.jpg?uid=0.8881647
n.v.t.,Poontrekker,n.v.t.,"€ 36,93",http://www.manhard.eu/upload/webshop/default_020316067.jpg?uid=0.3566095
n.v.t.,Poontrekker,10 mm,"€ 3,04",http://www.manhard.eu/upload/webshop/default_020316067.jpg?uid=0.3566095
n.v.t.,Broodmes,20 cm,"€ 21,15",http://www.manhard.eu/upload/webshop/default_020437020.jpg?uid=0.8434259
Zwart,Tomaten-/kaasmes,11 cm,"€ 4,63",http://www.manhard.eu/upload/webshop/default_020426024.jpg?uid=0.8194391
Zwart,Keukenmes,10 cm,"€ 2,41",http://www.manhard.eu/upload/webshop/default_020432038.jpg?uid=0.9925348
Zwart,Keukenmes,13 cm,"€ 3,4",http://www.manhard.eu/upload/webshop/default_020432038.jpg?uid=0.9925348
Zwart,Polkmes,10 cm,"€ 3,33",http://www.manhard.eu/upload/webshop/default_020143003.jpg?uid=0.3057062
Zwart,Polkmes,10 cm,"€ 5,45",http://www.manhard.eu/upload/webshop/default_020143003.jpg?uid=0.3057062
Geel,Polkmes,10 cm,"€ 5,45",http://www.manhard.eu/upload/webshop/default_020143003.jpg?uid=0.3057062
Rood,Polkmes,10 cm,"€ 5,45",http://www.manhard.eu/upload/webshop/default_020143003.jpg?uid=0.3057062
n.v.t.,Schilmes,8 cm,"€ 12,04",http://www.manhard.eu/upload/webshop/default_020423025.jpg?uid=0.3842584
n.v.t.,Schilmes,8 cm,"€ 12,04",http://www.manhard.eu/upload/webshop/default_020423025.jpg?uid=0.3842584
Wit,Duits model,35 cm,"€ 154,01",http://www.manhard.eu/upload/webshop/default_020219078.jpg?uid=0.129925
Wit,Duits model,40 cm,"€ 166,49",http://www.manhard.eu/upload/webshop/default_020219078.jpg?uid=0.129925
Zwart,"Gebogen, semi-flex",15 cm,"€ 8,83",http://www.manhard.eu/upload/webshop/default_020801004.jpg?uid=0.248028
n.v.t.,Vleesmes,20 cm,"€ 20,75",http://www.manhard.eu/upload/webshop/default_020437018.jpg?uid=0.1351129
Zwart,Broodmes,20 cm,"€ 8,3",http://www.manhard.eu/upload/webshop/default_020426020.jpg?uid=0.5180475
n.v.t.,Diverse,9 cm,"€ 6,62",http://www.manhard.eu/upload/webshop/default_020314051.jpg?uid=0.3920709
Wit,Diverse,9 cm,"€ 7,74",http://www.manhard.eu/upload/webshop/default_020314051.jpg?uid=0.3920709
Geel,25 cm,25 cm,"€ 42,34",http://www.manhard.eu/upload/webshop/default_020239074.jpg?uid=0.5401422
Zwart,25 cm,25 cm,"€ 42,34",http://www.manhard.eu/upload/webshop/default_020239074.jpg?uid=0.5401422
Geel,23 cm,23 cm,"€ 40,45",http://www.manhard.eu/upload/webshop/default_020239073.jpg?uid=0.2013971
Zwart,23 cm,23 cm,"€ 40,45",http://www.manhard.eu/upload/webshop/default_020239073.jpg?uid=0.2013971
Wit,Hollands model,24 cm,"€ 133,04",http://www.manhard.eu/upload/webshop/default_020219079.jpg?uid=0.9662287
Wit,Hollands model,27 cm,"€ 146,57",http://www.manhard.eu/upload/webshop/default_020219079.jpg?uid=0.9662287
Wit,Hollands model,32 cm,"€ 187,23",http://www.manhard.eu/upload/webshop/default_020219079.jpg?uid=0.9662287
Zwart,Fileermes,17 cm,€ 11,http://www.manhard.eu/upload/webshop/default_020425023.jpg?uid=0.11961
Zwart,Breekmes,20 cm,"€ 8,32",http://www.manhard.eu/upload/webshop/default_020144003.jpg?uid=0.8411676
Zwart,gebogen,20 cm,"€ 7,95",http://www.manhard.eu/upload/webshop/default_020105002.jpg?uid=0.3250543
Zwart,gebogen,25 cm,"€ 10,76",http://www.manhard.eu/upload/webshop/default_020105002.jpg?uid=0.3250543
Blauw,gebogen,20 cm,"€ 7,95",http://www.manhard.eu/upload/webshop/default_020105002.jpg?uid=0.3250543
n.v.t.,Koksmes,15 cm,"€ 23,53",http://www.manhard.eu/upload/webshop/default_020437017.jpg?uid=0.1096002
n.v.t.,Koksmes,20 cm,"€ 26,1",http://www.manhard.eu/upload/webshop/default_020437017.jpg?uid=0.1096002
n.v.t.,Koksmes,25 cm,"€ 29,2",http://www.manhard.eu/upload/webshop/default_020437017.jpg?uid=0.1096002
n.v.t.,Koffer,n.v.t.,"€ 273,31",http://www.manhard.eu/upload/webshop/default_020420047.jpg?uid=0.9080011
Geel,Smal flexibel,13 cm,"€ 6,68",http://www.manhard.eu/upload/webshop/default_020106062.jpg?uid=4.380435E-02
Blauw,Smal flexibel,13 cm,"€ 6,68",http://www.manhard.eu/upload/webshop/default_020106062.jpg?uid=4.380435E-02
n.v.t.,Santokumes,18 cm,"€ 26,32",http://www.manhard.eu/upload/webshop/default_020437016.jpg?uid=0.1028864
Blauw,Flexibel,18 cm,"€ 8,68",http://www.manhard.eu/upload/webshop/default_020106009.jpg?uid=0.9500543
Zwart,met kuiltjes,20 cm,"€ 12,01",http://www.manhard.eu/upload/webshop/default_020105076.jpg?uid=0.400921
Blauw,met kuiltjes,20 cm,"€ 12,01",http://www.manhard.eu/upload/webshop/default_020105076.jpg?uid=0.400921
Blauw,met kuiltjes,25 cm,"€ 14,52",http://www.manhard.eu/upload/webshop/default_020105076.jpg?uid=0.400921
Blauw,Kabeljauw,17 cm,"€ 8,96",http://www.manhard.eu/upload/webshop/default_020306006.jpg?uid=0.1244928
Blauw,Kabeljauw,17 cm,"€ 8,96",http://www.manhard.eu/upload/webshop/default_020306006.jpg?uid=0.1244928
Zwart,Haring,6 cm,"€ 3,93",http://www.manhard.eu/upload/webshop/default_020306007.jpg?uid=0.8216974
Zwart,Voorsnijmes,16 cm,"€ 9,52",http://www.manhard.eu/upload/webshop/default_020103066.jpg?uid=0.6621515
Zwart,Voorsnijmes,20 cm,"€ 11,2",http://www.manhard.eu/upload/webshop/default_020103066.jpg?uid=0.6621515
Zwart,Voorsnijmes,26 cm,"€ 14,57",http://www.manhard.eu/upload/webshop/default_020103066.jpg?uid=0.6621515
Geel,Voorsnijmes,16 cm,"€ 9,52",http://www.manhard.eu/upload/webshop/default_020103066.jpg?uid=0.6621515
Geel,Voorsnijmes,20 cm,"€ 11,2",http://www.manhard.eu/upload/webshop/default_020103066.jpg?uid=0.6621515
Geel,Voorsnijmes,26 cm,"€ 14,57",http://www.manhard.eu/upload/webshop/default_020103066.jpg?uid=0.6621515
Blauw,Voorsnijmes,24 cm,"€ 12,8",http://www.manhard.eu/upload/webshop/default_020103066.jpg?uid=0.6621515
Zwart,Huidmes,16 cm,"€ 10,07",http://www.manhard.eu/upload/webshop/default_020143002.jpg?uid=0.8968927
Zwart,Huidmes,18 cm,"€ 11,02",http://www.manhard.eu/upload/webshop/default_020143002.jpg?uid=0.8968927
Geel,Smal,18 cm,"€ 8,65",http://www.manhard.eu/upload/webshop/default_020104054.jpg?uid=0.4364435
Blauw,Smal,18 cm,"€ 8,65",http://www.manhard.eu/upload/webshop/default_020104054.jpg?uid=0.4364435
Zwart,Huidmes,18 cm,"€ 11,57",http://www.manhard.eu/upload/webshop/default_020144004.jpg?uid=0.8177912
Zwart,Steekmes,18 cm,"€ 9,11",http://www.manhard.eu/upload/webshop/default_020144002.jpg?uid=0.9308893
Zwart,Steekmes,20 cm,"€ 10,11",http://www.manhard.eu/upload/webshop/default_020144002.jpg?uid=0.9308893
Zwart,Steekmes,22 cm,"€ 11,22",http://www.manhard.eu/upload/webshop/default_020144002.jpg?uid=0.9308893
Blauw,met kuiltjes,20 cm,"€ 14,01",http://www.manhard.eu/upload/webshop/default_020103065.jpg?uid=0.432171
Blauw,met kuiltjes,26 cm,"€ 18,25",http://www.manhard.eu/upload/webshop/default_020103065.jpg?uid=0.432171
Geel,18 cm,18 cm,"€ 34,14",http://www.manhard.eu/upload/webshop/default_020239071.jpg?uid=0.6619074
Zwart,18 cm,18 cm,"€ 34,14",http://www.manhard.eu/upload/webshop/default_020239071.jpg?uid=0.6619074
Zwart,met kuiltjes,15 cm,"€ 8,09",http://www.manhard.eu/upload/webshop/default_020101070.jpg?uid=3.855532E-02
Zwart,met kuiltjes,15 cm,"€ 8,09",http://www.manhard.eu/upload/webshop/default_020101070.jpg?uid=3.855532E-02
Zwart,met kuiltjes,15 cm,"€ 8,09",http://www.manhard.eu/upload/webshop/default_020101070.jpg?uid=3.855532E-02
Rood,met kuiltjes,15 cm,"€ 8,09",http://www.manhard.eu/upload/webshop/default_020101070.jpg?uid=3.855532E-02
Blauw,met kuiltjes,15 cm,"€ 8,09",http://www.manhard.eu/upload/webshop/default_020101070.jpg?uid=3.855532E-02
Blauw,met kuiltjes,15 cm,"€ 8,09",http://www.manhard.eu/upload/webshop/default_020101070.jpg?uid=3.855532E-02
Rood,breed,25 cm,"€ 24,07",http://www.manhard.eu/upload/webshop/default_020504053.jpg?uid=0.8318903
Blauw,breed,25 cm,"€ 24,07",http://www.manhard.eu/upload/webshop/default_020504053.jpg?uid=0.8318903
Zwart,breed,18 cm,"€ 18,32",http://www.manhard.eu/upload/webshop/default_020504053.jpg?uid=0.8318903
Zwart,breed,20 cm,"€ 19,91",http://www.manhard.eu/upload/webshop/default_020504053.jpg?uid=0.8318903
Zwart,breed,25 cm,"€ 23,84",http://www.manhard.eu/upload/webshop/default_020504053.jpg?uid=0.8318903
Zwart,breed,31 cm,"€ 30,36",http://www.manhard.eu/upload/webshop/default_020504053.jpg?uid=0.8318903
Zwart,breed,36 cm,"€ 35,92",http://www.manhard.eu/upload/webshop/default_020504053.jpg?uid=0.8318903
Zwart,"breed, gebogen",20 cm,"€ 16,81",http://www.manhard.eu/upload/webshop/default_020505055.jpg?uid=0.3466608
Zwart,"breed, gebogen",25 cm,"€ 18,71",http://www.manhard.eu/upload/webshop/default_020505055.jpg?uid=0.3466608
Zwart,breed,14 cm,"€ 6,9",http://www.manhard.eu/upload/webshop/default_020101053.jpg?uid=0.6281549
Zwart,breed,15 cm,"€ 6,98",http://www.manhard.eu/upload/webshop/default_020101053.jpg?uid=0.6281549
Geel,breed,15 cm,"€ 6,98",http://www.manhard.eu/upload/webshop/default_020101053.jpg?uid=0.6281549
Rood,breed,15 cm,"€ 6,98",http://www.manhard.eu/upload/webshop/default_020101053.jpg?uid=0.6281549
Blauw,breed,14 cm,"€ 6,9",http://www.manhard.eu/upload/webshop/default_020101053.jpg?uid=0.6281549
Blauw,breed,15 cm,"€ 6,98",http://www.manhard.eu/upload/webshop/default_020101053.jpg?uid=0.6281549
Zwart,Flexibel,16 cm,"€ 11,81",http://www.manhard.eu/upload/webshop/default_020507009.jpg?uid=0.6569025
Zwart,Flexibel,18 cm,"€ 13,94",http://www.manhard.eu/upload/webshop/default_020507009.jpg?uid=0.6569025
Zwart,Flexibel,20 cm,"€ 14,17",http://www.manhard.eu/upload/webshop/default_020507009.jpg?uid=0.6569025
Zwart,Flexibel,20 cm,"€ 14,7",http://www.manhard.eu/upload/webshop/default_020507009.jpg?uid=0.6569025
Blauw,Darmmes,15 cm,"€ 15,79",http://www.manhard.eu/upload/webshop/default_020143001.jpg?uid=0.7485163
Zwart,"Gebogen, semi-flex",13 cm,"€ 6,75",http://www.manhard.eu/upload/webshop/default_020101004.jpg?uid=0.7037775
Zwart,"Gebogen, semi-flex",15 cm,"€ 6,98",http://www.manhard.eu/upload/webshop/default_020101004.jpg?uid=0.7037775
Geel,"Gebogen, semi-flex",13 cm,"€ 6,75",http://www.manhard.eu/upload/webshop/default_020101004.jpg?uid=0.7037775
Geel,"Gebogen, semi-flex",15 cm,"€ 6,98",http://www.manhard.eu/upload/webshop/default_020101004.jpg?uid=0.7037775
Rood,"Gebogen, semi-flex",13 cm,"€ 6,75",http://www.manhard.eu/upload/webshop/default_020101004.jpg?uid=0.7037775
Rood,"Gebogen, semi-flex",15 cm,"€ 6,98",http://www.manhard.eu/upload/webshop/default_020101004.jpg?uid=0.7037775
Blauw,"Gebogen, semi-flex",13 cm,"€ 6,75",http://www.manhard.eu/upload/webshop/default_020101004.jpg?uid=0.7037775
Geel,"Gebogen, flexibel",13 cm,"€ 6,75",http://www.manhard.eu/upload/webshop/default_020101003.jpg?uid=0.8225519
Zwart,Steekmes,18 cm,"€ 8,68",http://www.manhard.eu/upload/webshop/default_020102052.jpg?uid=0.9200251
Zwart,Steekmes,20 cm,"€ 9,62",http://www.manhard.eu/upload/webshop/default_020102052.jpg?uid=0.9200251
Zwart,Steekmes,22 cm,"€ 10,69",http://www.manhard.eu/upload/webshop/default_020102052.jpg?uid=0.9200251
Zwart,Steekmes,25 cm,"€ 11,55",http://www.manhard.eu/upload/webshop/default_020102052.jpg?uid=0.9200251
Geel,Steekmes,18 cm,"€ 8,68",http://www.manhard.eu/upload/webshop/default_020102052.jpg?uid=0.9200251
Geel,Steekmes,22 cm,"€ 10,69",http://www.manhard.eu/upload/webshop/default_020102052.jpg?uid=0.9200251
Geel,Steekmes,25 cm,"€ 11,55",http://www.manhard.eu/upload/webshop/default_020102052.jpg?uid=0.9200251
Groen,gebogen,15 cm,"€ 8,83",http://www.manhard.eu/upload/webshop/default_020801002.jpg?uid=0.5807306
Wit,"20 cm, extra lange handgreep",20 cm,"€ 58,67",http://www.manhard.eu/upload/webshop/default_020239083.jpg?uid=0.9562189
Wit,"20 cm, extra lange handgreep",25 cm,"€ 68,05",http://www.manhard.eu/upload/webshop/default_020239083.jpg?uid=0.9562189
Zwart,gebogen,13 cm,"€ 6,75",http://www.manhard.eu/upload/webshop/default_020101002.jpg?uid=0.2808649
Zwart,gebogen,15 cm,"€ 6,98",http://www.manhard.eu/upload/webshop/default_020101002.jpg?uid=0.2808649
Geel,gebogen,13 cm,"€ 6,75",http://www.manhard.eu/upload/webshop/default_020101002.jpg?uid=0.2808649
Geel,gebogen,15 cm,"€ 6,98",http://www.manhard.eu/upload/webshop/default_020101002.jpg?uid=0.2808649
Zwart,Smal,13 cm,"€ 6,68",http://www.manhard.eu/upload/webshop/default_020106054.jpg?uid=0.5785944
Zwart,Smal,15 cm,"€ 6,86",http://www.manhard.eu/upload/webshop/default_020106054.jpg?uid=0.5785944
Geel,Smal,13 cm,"€ 6,68",http://www.manhard.eu/upload/webshop/default_020106054.jpg?uid=0.5785944
Geel,Smal,15 cm,"€ 6,86",http://www.manhard.eu/upload/webshop/default_020106054.jpg?uid=0.5785944
Blauw,Smal,13 cm,"€ 6,68",http://www.manhard.eu/upload/webshop/default_020106054.jpg?uid=0.5785944
Zwart,Smal,15 cm,"€ 16,71",http://www.manhard.eu/upload/webshop/default_020504054.jpg?uid=0.7747766
Zwart,Smal,18 cm,"€ 17,75",http://www.manhard.eu/upload/webshop/default_020504054.jpg?uid=0.7747766
Geel,Smal,15 cm,"€ 17,08",http://www.manhard.eu/upload/webshop/default_020504054.jpg?uid=0.7747766
Geel,Smal,18 cm,"€ 17,95",http://www.manhard.eu/upload/webshop/default_020504054.jpg?uid=0.7747766
Zwart,Spitse punt,12 cm,"€ 13,28",http://www.manhard.eu/upload/webshop/default_020502065.jpg?uid=0.9164392
Zwart,Spitse punt,14 cm,"€ 11,85",http://www.manhard.eu/upload/webshop/default_020502065.jpg?uid=0.9164392
Zwart,Spitse punt,16 cm,"€ 12,97",http://www.manhard.eu/upload/webshop/default_020502065.jpg?uid=0.9164392
Zwart,Spitse punt,18 cm,"€ 14,61",http://www.manhard.eu/upload/webshop/default_020502065.jpg?uid=0.9164392
Zwart,Spitse punt,20 cm,"€ 17,8",http://www.manhard.eu/upload/webshop/default_020502065.jpg?uid=0.9164392
Zwart,Smal,8 cm,"€ 6,93",http://www.manhard.eu/upload/webshop/default_020337002.jpg?uid=0.5095178
Zwart,Voorsnijmes,16 cm,"€ 14,12",http://www.manhard.eu/upload/webshop/default_020503065.jpg?uid=0.4266931
Zwart,Voorsnijmes,18 cm,"€ 15,76",http://www.manhard.eu/upload/webshop/default_020503065.jpg?uid=0.4266931
Zwart,Voorsnijmes,20 cm,"€ 18,06",http://www.manhard.eu/upload/webshop/default_020503065.jpg?uid=0.4266931
Zwart,Voorsnijmes,23 cm,"€ 18,15",http://www.manhard.eu/upload/webshop/default_020503065.jpg?uid=0.4266931
Zwart,Voorsnijmes,26 cm,"€ 21,08",http://www.manhard.eu/upload/webshop/default_020503065.jpg?uid=0.4266931
Zwart,Voorsnijmes,28 cm,"€ 25,04",http://www.manhard.eu/upload/webshop/default_020503065.jpg?uid=0.4266931
Zwart,Voorsnijmes,31 cm,"€ 27,6",http://www.manhard.eu/upload/webshop/default_020503065.jpg?uid=0.4266931
Blauw,Anti-slip,7 cm,"€ 5,46",http://www.manhard.eu/upload/webshop/default_020337003.jpg?uid=0.8533289
Blauw,Anti-slip,8 cm,"€ 5,25",http://www.manhard.eu/upload/webshop/default_020337003.jpg?uid=0.8533289
Rood,Steekmes,18 cm,"€ 15,11",http://www.manhard.eu/upload/webshop/default_020502052.jpg?uid=0.2096521
Rood,Steekmes,20 cm,"€ 15,52",http://www.manhard.eu/upload/webshop/default_020502052.jpg?uid=0.2096521
Rood,Steekmes,22 cm,"€ 17,09",http://www.manhard.eu/upload/webshop/default_020502052.jpg?uid=0.2096521
Blauw,Steekmes,18 cm,"€ 15,11",http://www.manhard.eu/upload/webshop/default_020502052.jpg?uid=0.2096521
Blauw,Steekmes,20 cm,"€ 15,52",http://www.manhard.eu/upload/webshop/default_020502052.jpg?uid=0.2096521
Blauw,Steekmes,22 cm,"€ 17,09",http://www.manhard.eu/upload/webshop/default_020502052.jpg?uid=0.2096521
Zwart,Steekmes,18 cm,"€ 14,83",http://www.manhard.eu/upload/webshop/default_020502052.jpg?uid=0.2096521
Zwart,"breed, gebogen",15 cm,"€ 6,98",http://www.manhard.eu/upload/webshop/default_020101055.jpg?uid=0.2807581
Geel,"breed, gebogen",15 cm,"€ 6,98",http://www.manhard.eu/upload/webshop/default_020101055.jpg?uid=0.2807581
Rood,"breed, gebogen",13 cm,"€ 6,75",http://www.manhard.eu/upload/webshop/default_020101055.jpg?uid=0.2807581
Blauw,"breed, gebogen",15 cm,"€ 6,98",http://www.manhard.eu/upload/webshop/default_020101055.jpg?uid=0.2807581
n.v.t.,met kap,5 cm,"€ 6,19",http://www.manhard.eu/upload/webshop/default_020337001.jpg?uid=0.5579798
Zwart,met kap,5 cm,"€ 6,32",http://www.manhard.eu/upload/webshop/default_020337001.jpg?uid=0.5579798
Zwart,435 gram,15 cm,"€ 16,82",http://www.manhard.eu/upload/webshop/default_020240083.jpg?uid=0.7824671
n.v.t.,Haring kaakmes,4 cm,"€ 3,27",http://www.manhard.eu/upload/webshop/default_020306065.jpg?uid=0.4378626
Zwart,Haring kaakmes,4 cm,"€ 3,56",http://www.manhard.eu/upload/webshop/default_020306065.jpg?uid=0.4378626
Zwart,540 gram,15 cm,"€ 18,86",http://www.manhard.eu/upload/webshop/default_020240084.jpg?uid=0.6754114
n.v.t.,Urker,16 cm,"€ 7,89",http://www.manhard.eu/upload/webshop/default_020306005.jpg?uid=0.4911463
Geel,Urker,16 cm,"€ 6,86",http://www.manhard.eu/upload/webshop/default_020306005.jpg?uid=0.4911463
Geel,Urker,16 cm,"€ 8,53",http://www.manhard.eu/upload/webshop/default_020306005.jpg?uid=0.4911463
Blauw,Urker,16 cm,"€ 6,86",http://www.manhard.eu/upload/webshop/default_020306005.jpg?uid=0.4911463
Blauw,Urker,16 cm,"€ 8,53",http://www.manhard.eu/upload/webshop/default_020306005.jpg?uid=0.4911463
Zwart,Uitbeenmes,15 cm,"€ 7,33",http://www.manhard.eu/upload/webshop/default_020144001.jpg?uid=0.9518396
Zwart,Smal,13 cm,"€ 6,75",http://www.manhard.eu/upload/webshop/default_020101054.jpg?uid=5.973452E-02
Zwart,Smal,15 cm,"€ 6,98",http://www.manhard.eu/upload/webshop/default_020101054.jpg?uid=5.973452E-02
Geel,Smal,13 cm,"€ 6,75",http://www.manhard.eu/upload/webshop/default_020101054.jpg?uid=5.973452E-02
Geel,Smal,15 cm,"€ 6,98",http://www.manhard.eu/upload/webshop/default_020101054.jpg?uid=5.973452E-02
Rood,Smal gebogen,12 cm,"€ 10,09",http://www.manhard.eu/upload/webshop/default_020501056.jpg?uid=0.2299768
Rood,Smal gebogen,15 cm,"€ 11,13",http://www.manhard.eu/upload/webshop/default_020501056.jpg?uid=0.2299768
Blauw,Smal gebogen,12 cm,"€ 10,09",http://www.manhard.eu/upload/webshop/default_020501056.jpg?uid=0.2299768
Blauw,Smal gebogen,15 cm,"€ 11,13",http://www.manhard.eu/upload/webshop/default_020501056.jpg?uid=0.2299768
Zwart,Smal gebogen,12 cm,"€ 9,78",http://www.manhard.eu/upload/webshop/default_020501056.jpg?uid=0.2299768
Zwart,Smal gebogen,15 cm,"€ 10,87",http://www.manhard.eu/upload/webshop/default_020501056.jpg?uid=0.2299768
Geel,Smal gebogen,12 cm,"€ 10,11",http://www.manhard.eu/upload/webshop/default_020501056.jpg?uid=0.2299768
Rood,"breed, gebogen",15 cm,"€ 10,48",http://www.manhard.eu/upload/webshop/default_020501055.jpg?uid=0.5050623
Blauw,"breed, gebogen",15 cm,"€ 10,46",http://www.manhard.eu/upload/webshop/default_020501055.jpg?uid=0.5050623
Zwart,"breed, gebogen",15 cm,"€ 10,17",http://www.manhard.eu/upload/webshop/default_020501055.jpg?uid=0.5050623
Geel,"breed, gebogen",15 cm,"€ 10,46",http://www.manhard.eu/upload/webshop/default_020501055.jpg?uid=0.5050623
Zwart,Smal,12 cm,"€ 11,03",http://www.manhard.eu/upload/webshop/default_020501054.jpg?uid=0.3950769
Zwart,Smal,15 cm,"€ 11,43",http://www.manhard.eu/upload/webshop/default_020501054.jpg?uid=0.3950769
Geel,Smal,15 cm,"€ 11,89",http://www.manhard.eu/upload/webshop/default_020501054.jpg?uid=0.3950769
Rood,"Smal, gebogen, flexibel",12 cm,"€ 9,8",http://www.manhard.eu/upload/webshop/default_020501065.jpg?uid=0.9111902
Rood,"Smal, gebogen, flexibel",15 cm,"€ 10,83",http://www.manhard.eu/upload/webshop/default_020501065.jpg?uid=0.9111902
Blauw,"Smal, gebogen, flexibel",12 cm,"€ 9,8",http://www.manhard.eu/upload/webshop/default_020501065.jpg?uid=0.9111902
Blauw,"Smal, gebogen, flexibel",15 cm,"€ 10,83",http://www.manhard.eu/upload/webshop/default_020501065.jpg?uid=0.9111902
Zwart,"Smal, gebogen, flexibel",12 cm,"€ 9,51",http://www.manhard.eu/upload/webshop/default_020501065.jpg?uid=0.9111902
Zwart,"Smal, gebogen, flexibel",15 cm,"€ 10,57",http://www.manhard.eu/upload/webshop/default_020501065.jpg?uid=0.9111902
Geel,"Smal, gebogen, flexibel",12 cm,"€ 9,8",http://www.manhard.eu/upload/webshop/default_020501065.jpg?uid=0.9111902
Geel,20 cm,20 cm,"€ 36,36",http://www.manhard.eu/upload/webshop/default_020239072.jpg?uid=0.7801477
Zwart,20 cm,20 cm,"€ 36,36",http://www.manhard.eu/upload/webshop/default_020239072.jpg?uid=0.7801477
Rood,breed,15 cm,"€ 10,77",http://www.manhard.eu/upload/webshop/default_020501053.jpg?uid=0.6730158
Blauw,breed,15 cm,"€ 10,77",http://www.manhard.eu/upload/webshop/default_020501053.jpg?uid=0.6730158
Zwart,breed,12 cm,"€ 10,46",http://www.manhard.eu/upload/webshop/default_020501053.jpg?uid=0.6730158
Zwart,breed,15 cm,"€ 10,46",http://www.manhard.eu/upload/webshop/default_020501053.jpg?uid=0.6730158
Geel,breed,15 cm,"€ 10,77",http://www.manhard.eu/upload/webshop/default_020501053.jpg?uid=0.6730158
Zwart,breed,20 cm,"€ 11,09",http://www.manhard.eu/upload/webshop/default_020104053.jpg?uid=0.6887781
Zwart,breed,25 cm,"€ 13,23",http://www.manhard.eu/upload/webshop/default_020104053.jpg?uid=0.6887781
Zwart,breed,30 cm,"€ 16,32",http://www.manhard.eu/upload/webshop/default_020104053.jpg?uid=0.6887781
Geel,breed,20 cm,"€ 11,09",http://www.manhard.eu/upload/webshop/default_020104053.jpg?uid=0.6887781
Geel,breed,25 cm,"€ 13,23",http://www.manhard.eu/upload/webshop/default_020104053.jpg?uid=0.6887781
Blauw,breed,25 cm,"€ 13,23",http://www.manhard.eu/upload/webshop/default_020104053.jpg?uid=0.6887781
Rood,Diverse,18 cm,"€ 8,68",http://www.manhard.eu/upload/webshop/default_020102051.jpg?uid=0.2138025
