Image Link,Title,Description,Main Category,Sub Category 1,Sub Category 2,color,Measure,price
http://www.manhard.eu/upload/webshop/default_020507009.jpg?uid=0.7967798,Flexibel,"VICTORINOX vliesmes, flexibel",Messen,VICTORINOX messen,Vliesmes,Zwart,16 cm,"€ 11,81"
http://www.manhard.eu/upload/webshop/default_020507009.jpg?uid=0.7967798,Flexibel,"VICTORINOX vliesmes, flexibel",Messen,VICTORINOX messen,Vliesmes,Zwart,18 cm,"€ 13,94"
http://www.manhard.eu/upload/webshop/default_020507009.jpg?uid=0.7967798,Flexibel,"VICTORINOX vliesmes, flexibel",Messen,VICTORINOX messen,Vliesmes,Zwart,20 cm,"€ 14,17"
http://www.manhard.eu/upload/webshop/default_020507009.jpg?uid=0.7967798,Flexibel,"VICTORINOX vliesmes, smal, flexibel",Messen,VICTORINOX messen,Vliesmes,Zwart,20 cm,"€ 14,7"
http://www.manhard.eu/upload/webshop/default_020510033.jpg?uid=0.9033319,Hammes,VICTORINOX hammes,Messen,VICTORINOX messen,Hammes,Zwart,30 cm,"€ 22,58"
http://www.manhard.eu/upload/webshop/default_020824019.jpg?uid=0.6189844,Uitbeenmes,"GIESSER PrimeLine uitbeenmes, smal, gebogen, semi-flexibel",Messen,GIESSER messen,PrimeLine,Zwart,13 cm,"€ 9,2"
http://www.manhard.eu/upload/webshop/default_nl.jpg?uid=0.3963892,Zwoerdmes,"GIESSER zwoerdmes voor insnijden van zwoerd, 3-voudig",Messen,GIESSER messen,Diverse,Zwart,n.v.t.,"€ 9,07"
http://www.manhard.eu/upload/webshop/default_020733068.jpg?uid=0.6906397,Uitbeenmes smal,"DICK uitbeenmes, Mastergrip, smal",Messen,DICK messen,MasterGrip,Oranje,13 cm,"€ 8,36"
http://www.manhard.eu/upload/webshop/default_020733068.jpg?uid=0.6906397,Uitbeenmes smal,"DICK uitbeenmes, Mastergrip, smal",Messen,DICK messen,MasterGrip,Oranje,15 cm,"€ 9,35"
http://www.manhard.eu/upload/webshop/default_020739002.jpg?uid=0.1385767,Dolkmes,"DICK dolkmes, Ergogrip",Messen,DICK messen,Diverse messen,Blauw,21 cm,"€ 27,88"
http://www.manhard.eu/upload/webshop/default_020509065.jpg?uid=0.8785059,Huidmes,VICTORINOX huidmes,Messen,VICTORINOX messen,Huidmes,Zwart,15 cm,"€ 14,99"
http://www.manhard.eu/upload/webshop/default_020509065.jpg?uid=0.8785059,Huidmes,VICTORINOX huidmes,Messen,VICTORINOX messen,Huidmes,Zwart,18 cm,"€ 17,54"
http://www.manhard.eu/upload/webshop/default_020316067.jpg?uid=0.8291742,Poontrekker,MANHARD RVS poontrekker,Messen,ICEL vismessen,Diverse,n.v.t.,n.v.t.,"€ 36,93"
http://www.manhard.eu/upload/webshop/default_020316067.jpg?uid=0.8291742,Poontrekker,MANHARD mesje voor poontrekker,Messen,ICEL vismessen,Diverse,n.v.t.,10 mm,"€ 3,04"
http://www.manhard.eu/upload/webshop/default_020837004.jpg?uid=0.8321039,Polkmes,GIESSER polkmes,Messen,GIESSER messen,Diverse messen,Zwart,10 cm,"€ 6,75"
http://www.manhard.eu/upload/webshop/default_020837004.jpg?uid=0.8321039,Polkmes,GIESSER polkmes,Messen,GIESSER messen,Diverse messen,Groen,10 cm,"€ 6,75"
http://www.manhard.eu/upload/webshop/default_020837004.jpg?uid=0.8321039,Polkmes,GIESSER polkmes,Messen,GIESSER messen,Diverse messen,Geel,10 cm,"€ 6,75"
http://www.manhard.eu/upload/webshop/default_020838001.jpg?uid=0.2805292,Steekmes,GIESSER steekmes met veiligheidsgreep Nr. 2,Messen,GIESSER messen,Veiligheidsgreep Nr. 2,Zwart,18 cm,"€ 11,19"
http://www.manhard.eu/upload/webshop/default_020838001.jpg?uid=0.2805292,Steekmes,GIESSER steekmes met veiligheidsgreep Nr. 2,Messen,GIESSER messen,Veiligheidsgreep Nr. 2,Zwart,21 cm,"€ 12,71"
http://www.manhard.eu/upload/webshop/default_020702053.jpg?uid=0.971081,breed,"DICK steekmes, Ergogrip, breed",Messen,DICK messen,Steekmes,Blauw,18 cm,"€ 11,9"
http://www.manhard.eu/upload/webshop/default_020733067.jpg?uid=0.3649408,Uitbeenmes smal flex.,"DICK uitbeenmes, Mastergrip, smal, gebogen, flexibel",Messen,DICK messen,MasterGrip,Oranje,13 cm,"€ 8,36"
http://www.manhard.eu/upload/webshop/default_020505055.jpg?uid=0.9074213,"breed, gebogen","VICTORINOX breekmes, breed, gebogen",Messen,VICTORINOX messen,Breekmes,Zwart,20 cm,"€ 16,81"
http://www.manhard.eu/upload/webshop/default_020505055.jpg?uid=0.9074213,"breed, gebogen","VICTORINOX breekmes, breed, gebogen",Messen,VICTORINOX messen,Breekmes,Zwart,25 cm,"€ 18,71"
http://www.manhard.eu/upload/webshop/default_020144004.jpg?uid=0.2910272,Huidmes,"ICEL/PROFLEX Microban® huidmes, PROTEC veiligheidsgreep",Messen,ICEL/PROFLEX vleesmessen,ICEL/PROTEC vleesmessen,Zwart,18 cm,"€ 11,57"
http://www.manhard.eu/upload/webshop/default_020435031.jpg?uid=0.1216547,Groentemes,"MANHARD groentemes, keramiek",Messen,MANHARD/ICEL horeca,Keramiek,n.v.t.,12 cm,"€ 49,08"
http://www.manhard.eu/upload/webshop/default_020434065.jpg?uid=0.9856226,Shoarma-/Souflakymes ,ICEL shoarmames HG,Messen,MANHARD/ICEL horeca,Shoarma-/Souflakymes ,n.v.t.,36 cm,"€ 21,62"
http://www.manhard.eu/upload/webshop/default_020434065.jpg?uid=0.9856226,Shoarma-/Souflakymes ,ICEL shoarmames HG,Messen,MANHARD/ICEL horeca,Shoarma-/Souflakymes ,n.v.t.,40 cm,"€ 24,13"
http://www.manhard.eu/upload/webshop/default_020434065.jpg?uid=0.9856226,Shoarma-/Souflakymes ,ICEL shoarmames,Messen,MANHARD/ICEL horeca,Shoarma-/Souflakymes ,n.v.t.,36 cm,"€ 21,94"
http://www.manhard.eu/upload/webshop/default_020434065.jpg?uid=0.9856226,Shoarma-/Souflakymes ,ICEL shoarmames (340144),Messen,MANHARD/ICEL horeca,Shoarma-/Souflakymes ,Zwart,44 cm,"€ 17,08"
http://www.manhard.eu/upload/webshop/default_020434065.jpg?uid=0.9856226,Shoarma-/Souflakymes ,ICEL souflakymes HG,Messen,MANHARD/ICEL horeca,Shoarma-/Souflakymes ,n.v.t.,36 cm,"€ 21,62"
http://www.manhard.eu/upload/webshop/default_020434065.jpg?uid=0.9856226,Shoarma-/Souflakymes ,ICEL souflakymes HG,Messen,MANHARD/ICEL horeca,Shoarma-/Souflakymes ,n.v.t.,40 cm,"€ 11,72"
http://www.manhard.eu/upload/webshop/default_020434065.jpg?uid=0.9856226,Shoarma-/Souflakymes ,ICEL souflakymes HG,Messen,MANHARD/ICEL horeca,Shoarma-/Souflakymes ,n.v.t.,44 cm,"€ 12,9"
http://www.manhard.eu/upload/webshop/default_020105076.jpg?uid=4.714602E-02,met kuiltjes,ICEL/PROFLEX Microban® breekmes met kuiltjes,Messen,ICEL/PROFLEX vleesmessen,Breekmes,Zwart,20 cm,"€ 12,01"
http://www.manhard.eu/upload/webshop/default_020105076.jpg?uid=4.714602E-02,met kuiltjes,ICEL/PROFLEX Microban® breekmes met kuiltjes,Messen,ICEL/PROFLEX vleesmessen,Breekmes,Blauw,20 cm,"€ 12,01"
http://www.manhard.eu/upload/webshop/default_020105076.jpg?uid=4.714602E-02,met kuiltjes,ICEL/PROFLEX Microban® breekmes met kuiltjes,Messen,ICEL/PROFLEX vleesmessen,Breekmes,Blauw,25 cm,"€ 14,52"
http://www.manhard.eu/upload/webshop/default_020432058.jpg?uid=7.716006E-02,Polkmes,ICEL PORTO polkmes,Messen,MANHARD/ICEL horeca,Porto,Zwart,12 cm,"€ 3,78"
http://www.manhard.eu/upload/webshop/default_020432038.jpg?uid=0.9488031,Keukenmes,"ICEL PORTO keukenmes, getand",Messen,MANHARD/ICEL horeca,Porto,Zwart,10 cm,"€ 2,41"
http://www.manhard.eu/upload/webshop/default_020432038.jpg?uid=0.9488031,Keukenmes,"ICEL PORTO keukenmes, getand",Messen,MANHARD/ICEL horeca,Porto,Zwart,13 cm,"€ 3,4"
http://www.manhard.eu/upload/webshop/default_020143004.jpg?uid=0.8441278,Steekdolk,"ICEL/PROFLEX Microban® steekdolk, 2-zijdig geslepen",Messen,ICEL/PROFLEX vleesmessen,Diverse messen,Zwart,16 cm,"€ 18,68"
http://www.manhard.eu/upload/webshop/default_020701054.jpg?uid=0.6747553,Smal,"DICK uitbeenmes, Ergogrip, smal",Messen,DICK messen,Uitbeenmes,Geel,15 cm,"€ 9,35"
http://www.manhard.eu/upload/webshop/default_020701053.jpg?uid=0.7722284,breed,"DICK uitbeenmes, Ergogrip, breed",Messen,DICK messen,Uitbeenmes,Blauw,13 cm,"€ 8,36"
http://www.manhard.eu/upload/webshop/default_020701053.jpg?uid=0.7722284,breed,"DICK uitbeenmes, Ergogrip, breed",Messen,DICK messen,Uitbeenmes,Blauw,15 cm,"€ 9,35"
http://www.manhard.eu/upload/webshop/default_020701077.jpg?uid=0.5098993,Smal geb. flexibel,"DICK uitbeenmes, Ergogrip, smal, gebogen, flexibel",Messen,DICK messen,Uitbeenmes,Blauw,13 cm,"€ 8,36"
http://www.manhard.eu/upload/webshop/default_020701077.jpg?uid=0.5098993,Smal geb. flexibel,"DICK uitbeenmes, Ergogrip, smal, gebogen, flexibel",Messen,DICK messen,Uitbeenmes,Rood,13 cm,"€ 8,36"
http://www.manhard.eu/upload/webshop/default_020701077.jpg?uid=0.5098993,Smal geb. flexibel,"DICK uitbeenmes, Ergogrip, smal, gebogen, flexibel",Messen,DICK messen,Uitbeenmes,Blauw,15 cm,"€ 9,35"
http://www.manhard.eu/upload/webshop/default_020106009.jpg?uid=0.1059076,Flexibel,"ICEL/PROFLEX Microban® fileermes, breed, flexibel",Messen,ICEL/PROFLEX vleesmessen,Fileermes,Blauw,18 cm,"€ 8,68"
http://www.manhard.eu/upload/webshop/default_020431042.jpg?uid=0.8888666,Steakvork,"ICEL LISSABON vork, 4-tands",Messen,MANHARD/ICEL horeca,Lissabon,Zwart,19 cm,"€ 3,35"
http://www.manhard.eu/upload/webshop/default_020822052.jpg?uid=0.1162836,Steekmes,GIESSER BodyGuard steekmes,Messen,GIESSER messen,BodyGuard,Zwart,16 cm,"€ 10,14"
http://www.manhard.eu/upload/webshop/default_020431046.jpg?uid=0.9168207,Soeplepel,ICEL LISSABON soeplepel,Messen,MANHARD/ICEL horeca,Lissabon,Zwart,19 cm,"€ 3,71"
http://www.manhard.eu/upload/webshop/default_020805055.jpg?uid=0.358349,"breed, gebogen","GIESSER breekmes, breed, gebogen",Messen,GIESSER messen,Breekmes,Geel,20 cm,"€ 13,28"
http://www.manhard.eu/upload/webshop/default_020431021.jpg?uid=0.2358515,Officemes,ICEL LISSABON officemes,Messen,MANHARD/ICEL horeca,Lissabon,Zwart,8 cm,"€ 1,88"
http://www.manhard.eu/upload/webshop/default_020434029.jpg?uid=0.1443598,Linkshandig getand,"ICEL shoarmames, getand, LINKSHANDIG",Messen,MANHARD/ICEL horeca,Shoarma-/Souflakymes ,n.v.t.,36 cm,"€ 26,3"
http://www.manhard.eu/upload/webshop/default_020434029.jpg?uid=0.1443598,Linkshandig getand,"ICEL shoarmames, getand, LINKSHANDIG HG",Messen,MANHARD/ICEL horeca,Shoarma-/Souflakymes ,n.v.t.,36 cm,"€ 24,52"
http://www.manhard.eu/upload/webshop/default_020434029.jpg?uid=0.1443598,Linkshandig getand,"ICEL shoarmames, getand, LINKSHANDIG HG",Messen,MANHARD/ICEL horeca,Shoarma-/Souflakymes ,n.v.t.,40 cm,"€ 13,43"
http://www.manhard.eu/upload/webshop/default_020435017.jpg?uid=0.9523432,Koksmes,"MANHARD koksmes, keramiek",Messen,MANHARD/ICEL horeca,Keramiek,n.v.t.,17 cm,"€ 79,41"
http://www.manhard.eu/upload/webshop/default_020106054.jpg?uid=0.1297113,Smal,"ICEL/PROFLEX Microban® fileermes, extra smal",Messen,ICEL/PROFLEX vleesmessen,Fileermes,Zwart,13 cm,"€ 6,68"
http://www.manhard.eu/upload/webshop/default_020106054.jpg?uid=0.1297113,Smal,"ICEL/PROFLEX fileermes, extra smal",Messen,ICEL/PROFLEX vleesmessen,Fileermes,Zwart,15 cm,"€ 6,86"
http://www.manhard.eu/upload/webshop/default_020106054.jpg?uid=0.1297113,Smal,"ICEL/PROFLEX fileermes, extra smal",Messen,ICEL/PROFLEX vleesmessen,Fileermes,Geel,13 cm,"€ 6,68"
http://www.manhard.eu/upload/webshop/default_020106054.jpg?uid=0.1297113,Smal,"ICEL/PROFLEX fileermes, extra smal",Messen,ICEL/PROFLEX vleesmessen,Fileermes,Geel,15 cm,"€ 6,86"
http://www.manhard.eu/upload/webshop/default_020106054.jpg?uid=0.1297113,Smal,"ICEL/PROFLEX fileermes, extra smal",Messen,ICEL/PROFLEX vleesmessen,Fileermes,Blauw,13 cm,"€ 6,68"
http://www.manhard.eu/upload/webshop/default_020432020.jpg?uid=5.321681E-03,Broodmes,ICEL PORTO broodmes,Messen,MANHARD/ICEL horeca,Porto,Zwart,20 cm,"€ 5,81"
http://www.manhard.eu/upload/webshop/default_020432020.jpg?uid=5.321681E-03,Broodmes,ICEL PORTO broodmes,Messen,MANHARD/ICEL horeca,Porto,Zwart,25 cm,"€ 10,64"
http://www.manhard.eu/upload/webshop/default_020316082.jpg?uid=0.5565912,Steekdolk,MANHARD zeemansdolk,Messen,ICEL vismessen,Diverse,n.v.t.,15 cm,"€ 10,58"
http://www.manhard.eu/upload/webshop/default_020429059.jpg?uid=0.2260858,Snijmes,"ICEL HRC PRIME LINE Microban® snijmes, ongetand",Messen,MANHARD/ICEL horeca,HRC Prime Line,Zwart,25 cm,"€ 11,88"
http://www.manhard.eu/upload/webshop/default_020429059.jpg?uid=0.2260858,Snijmes,"ICEL HRC PRIME LINE Microban® snijmes, ongetand",Messen,MANHARD/ICEL horeca,HRC Prime Line,Zwart,30 cm,"€ 13,54"
http://www.manhard.eu/upload/webshop/default_020429059.jpg?uid=0.2260858,Snijmes,"ICEL HRC PRIME LINE Microban® snijmes, ongetand",Messen,MANHARD/ICEL horeca,HRC Prime Line,Zwart,36 cm,"€ 14,76"
http://www.manhard.eu/upload/webshop/default_020429059.jpg?uid=0.2260858,Snijmes,"ICEL HRC PRIME LINE Microban® snijmes, getand",Messen,MANHARD/ICEL horeca,HRC Prime Line,Zwart,25 cm,"€ 12,98"
http://www.manhard.eu/upload/webshop/default_020429059.jpg?uid=0.2260858,Snijmes,"ICEL HRC PRIME LINE Microban® snijmes, getand, RECHTSHANDIG",Messen,MANHARD/ICEL horeca,HRC Prime Line,Zwart,40 cm,"€ 18,04"
http://www.manhard.eu/upload/webshop/default_020435021.jpg?uid=0.4716303,Officemes,"MANHARD officemes, keramiek",Messen,MANHARD/ICEL horeca,Keramiek,n.v.t.,9 cm,"€ 32,7"
http://www.manhard.eu/upload/webshop/default_020426039.jpg?uid=0.9864008,Steakmes,ICEL CLASSICA steakmes,Messen,MANHARD/ICEL horeca,Classica,Zwart,12 cm,"€ 4,54"
http://www.manhard.eu/upload/webshop/default_020428044.jpg?uid=0.4460565,Tomatenmes,ICEL ESTORIL tomatenmes,Messen,MANHARD/ICEL horeca,Estoril,Zwart,11 cm,"€ 2,32"
http://www.manhard.eu/upload/webshop/default_020425065.jpg?uid=0.9256708,Messenkoffer,"Kunststof messenkoffer TECHNIEK Starter Case, 8-delig",Messen,MANHARD/ICEL horeca,Techniek,n.v.t.,n.v.t.,"€ 92,82"
http://www.manhard.eu/upload/webshop/default_020425065.jpg?uid=0.9256708,Messenkoffer,"Aluminium messenkoffer TECHNIEK Chef Case, 15-delig",Messen,MANHARD/ICEL horeca,Techniek,n.v.t.,n.v.t.,"€ 215,07"
http://www.manhard.eu/upload/webshop/default_020425065.jpg?uid=0.9256708,Messenkoffer,"ICEL TECHNIEK messenkoffer SAMSONITE, 15-delig",Messen,MANHARD/ICEL horeca,Techniek,n.v.t.,n.v.t.,"€ 310,03"
http://www.manhard.eu/upload/webshop/default_020423065.jpg?uid=0.5680048,Messenkoffer,"ICEL ABSOLUTE STEEL aluminium messenkoffer, 11-delig",Messen,MANHARD/ICEL horeca,Absolute steel,n.v.t.,n.v.t.,"€ 395,12"
http://www.manhard.eu/upload/webshop/default_020423048.jpg?uid=0.7131464,Messenblok,"ICEL ABSOLUTE STEEL messenblok met RVS front, hout, 7-delig (GV)",Messen,MANHARD/ICEL horeca,Absolute steel,n.v.t.,n.v.t.,"€ 213,34"
http://www.manhard.eu/upload/webshop/default_020423048.jpg?uid=0.7131464,Messenblok,"ICEL ABSOLUTE STEEL messenblok, hout, 5-delig (GV)",Messen,MANHARD/ICEL horeca,Absolute steel,n.v.t.,n.v.t.,"€ 132,05"
http://www.manhard.eu/upload/webshop/default_020423048.jpg?uid=0.7131464,Messenblok,"ICEL ABSOLUTE STEEL messenblok met RVS standaard, hout, vierhoekig, 7-delig (GV)",Messen,MANHARD/ICEL horeca,Absolute steel,n.v.t.,n.v.t.,"€ 181,64"
http://www.manhard.eu/upload/webshop/default_020423048.jpg?uid=0.7131464,Messenblok,"ICEL ABSOLUTE STEEL messenblok met RVS standaard, hout, vierhoekig, 7-delig (GV)",Messen,MANHARD/ICEL horeca,Absolute steel,Zwart,n.v.t.,"€ 181,64"
http://www.manhard.eu/upload/webshop/default_020421050.jpg?uid=0.7424433,Keukenset,"ICEL PLATINA keuken set in geschenkverpakking, 3-delig",Messen,MANHARD/ICEL horeca,Platina messen,n.v.t.,n.v.t.,"€ 82,66"
http://www.manhard.eu/upload/webshop/default_020421048.jpg?uid=0.8943598,Messenblok,"ICEL PLATINA messenblok met RVS front, hout, 7-delig (GV)",Messen,MANHARD/ICEL horeca,Platina messen,n.v.t.,n.v.t.,"€ 219,24"
http://www.manhard.eu/upload/webshop/default_020421048.jpg?uid=0.8943598,Messenblok,"ICEL PLATINA messenblok met RVS standaard, hout, vierkant, 7-delig (GV)",Messen,MANHARD/ICEL horeca,Platina messen,n.v.t.,11 x 11 cm,"€ 213,95"
http://www.manhard.eu/upload/webshop/default_020421048.jpg?uid=0.8943598,Messenblok,"ICEL PLATINA messenblok met RVS standaard, hout, rechthoekig, 7-delig (GV)",Messen,MANHARD/ICEL horeca,Platina messen,Zwart,19 x 7 cm,"€ 201,62"
http://www.manhard.eu/upload/webshop/default_020421048.jpg?uid=0.8943598,Messenblok,"ICEL PLATINA messenblok, hout, 5-delig (GV)",Messen,MANHARD/ICEL horeca,Platina messen,n.v.t.,n.v.t.,"€ 148,21"
http://www.manhard.eu/upload/webshop/default_020511065.jpg?uid=0.6237909,Polkmes,VICTORINOX polkmes,Messen,VICTORINOX messen,Polkmes,Zwart,10 cm,"€ 10,72"
http://www.manhard.eu/upload/webshop/default_020511065.jpg?uid=0.6237909,Polkmes,VICTORINOX polkmes,Messen,VICTORINOX messen,Polkmes,Geel,10 cm,€ 11
http://www.manhard.eu/upload/webshop/default_020421034.jpg?uid=0.3063471,Aanzetstaal,"ICEL PLATINA aanzetstaal, gesmeed",Messen,MANHARD/ICEL horeca,Platina messen,n.v.t.,23 cm,"€ 29,11"
http://www.manhard.eu/upload/webshop/default_020144003.jpg?uid=0.4661371,Breekmes,"ICEL/PROFLEX Microban® breekmes, gebogen, PROTEC veiligheidsgreep",Messen,ICEL/PROFLEX vleesmessen,ICEL/PROTEC vleesmessen,Zwart,20 cm,"€ 8,32"
http://www.manhard.eu/upload/webshop/default_020421031.jpg?uid=0.7894403,Groentemes,"ICEL PLATINA groentemes, gesmeed",Messen,MANHARD/ICEL horeca,Platina messen,n.v.t.,15 cm,"€ 19,67"
http://www.manhard.eu/upload/webshop/default_020421022.jpg?uid=0.755871,Vleesvork,"ICEL PLATINA vleesvork, gesmeed",Messen,MANHARD/ICEL horeca,Platina messen,n.v.t.,16 cm,"€ 19,89"
http://www.manhard.eu/upload/webshop/default_020421023.jpg?uid=0.2778437,Fileermes,"ICEL PLATINA fileermes, gesmeed",Messen,MANHARD/ICEL horeca,Platina messen,n.v.t.,15 cm,"€ 19,67"
http://www.manhard.eu/upload/webshop/default_020421020.jpg?uid=0.9926264,Broodmes,"ICEL PLATINA broodmes, gesmeed",Messen,MANHARD/ICEL horeca,Platina messen,n.v.t.,20 cm,"€ 20,95"
http://www.manhard.eu/upload/webshop/default_020421021.jpg?uid=0.2024652,Officemes,"ICEL PLATINA officemes, gesmeed",Messen,MANHARD/ICEL horeca,Platina messen,n.v.t.,10 cm,"€ 15,23"
http://www.manhard.eu/upload/webshop/default_020421018.jpg?uid=0.5843622,Vleesmes,"ICEL PLATINA vleesmes, gesmeed",Messen,MANHARD/ICEL horeca,Platina messen,n.v.t.,20 cm,"€ 20,59"
http://www.manhard.eu/upload/webshop/default_020421018.jpg?uid=0.5843622,Vleesmes,"ICEL PLATINA vleesmes, gesmeed",Messen,MANHARD/ICEL horeca,Platina messen,n.v.t.,25 cm,"€ 24,1"
http://www.manhard.eu/upload/webshop/default_020432025.jpg?uid=0.3726313,Schilmes,"ICEL PORTO schilmes, recht",Messen,MANHARD/ICEL horeca,Porto,Zwart,8 cm,"€ 1,71"
http://www.manhard.eu/upload/webshop/default_020805066.jpg?uid=0.9774286,met kuiltjes,GIESSER breekmes met kuiltjes,Messen,GIESSER messen,Breekmes,Zwart,20 cm,"€ 15,85"
http://www.manhard.eu/upload/webshop/default_020421033.jpg?uid=0.5705072,Hammes,"ICEL PLATINA hammes, gesmeed",Messen,MANHARD/ICEL horeca,Platina messen,n.v.t.,24 cm,"€ 21,64"
http://www.manhard.eu/upload/webshop/default_020423035.jpg?uid=0.7473261,Kaasmes,ICEL ABSOLUTE STEEL kaasmes,Messen,MANHARD/ICEL horeca,Absolute steel,n.v.t.,12 cm,"€ 15,43"
http://www.manhard.eu/upload/webshop/default_020423035.jpg?uid=0.7473261,Kaasmes,ICEL ABSOLUTE STEEL kaasmes (GV),Messen,MANHARD/ICEL horeca,Absolute steel,n.v.t.,12 cm,"€ 15,43"
http://www.manhard.eu/upload/webshop/default_020423034.jpg?uid=0.3273432,Aanzetstaal,"ICEL ABSOLUTE STEEL aanzetstaal, rond",Messen,MANHARD/ICEL horeca,Absolute steel,n.v.t.,23 cm,"€ 29,11"
http://www.manhard.eu/upload/webshop/default_020423034.jpg?uid=0.3273432,Aanzetstaal,"ICEL ABSOLUTE STEEL aanzetstaal, rond (GV)",Messen,MANHARD/ICEL horeca,Absolute steel,n.v.t.,23 cm,"€ 29,11"
http://www.manhard.eu/upload/webshop/default_020421017.jpg?uid=0.7811396,Koksmes,"ICEL PLATINA koksmes, gesmeed",Messen,MANHARD/ICEL horeca,Platina messen,n.v.t.,20 cm,"€ 26,23"
http://www.manhard.eu/upload/webshop/default_020421017.jpg?uid=0.7811396,Koksmes,"ICEL PLATINA koksmes, gesmeed",Messen,MANHARD/ICEL horeca,Platina messen,n.v.t.,25 cm,"€ 30,87"
http://www.manhard.eu/upload/webshop/default_020423037.jpg?uid=0.8250849,Hakmes,"ICEL ABSOLUTE STEEL hakmes, 390 gram",Messen,MANHARD/ICEL horeca,Absolute steel,n.v.t.,15 cm,"€ 27,85"
http://www.manhard.eu/upload/webshop/default_020423032.jpg?uid=0.1148188,Japans hakmes,ICEL ABSOLUTE STEEL Japans hakmes,Messen,MANHARD/ICEL horeca,Absolute steel,n.v.t.,17 cm,"€ 17,44"
http://www.manhard.eu/upload/webshop/default_020423036.jpg?uid=0.7395746,Trancheervork,ICEL ABSOLUTE STEEL trancheervork,Messen,MANHARD/ICEL horeca,Absolute steel,n.v.t.,16 cm,"€ 22,77"
http://www.manhard.eu/upload/webshop/default_020423036.jpg?uid=0.7395746,Trancheervork,ICEL ABSOLUTE STEEL trancheervork (GV),Messen,MANHARD/ICEL horeca,Absolute steel,n.v.t.,16 cm,"€ 22,77"
http://www.manhard.eu/upload/webshop/default_020423027.jpg?uid=0.872204,Zalmmes,ICEL ABSOLUTE STEEL ham-/zalmmes met kuiltjes,Messen,MANHARD/ICEL horeca,Absolute steel,n.v.t.,25 cm,"€ 17,44"
http://www.manhard.eu/upload/webshop/default_020423027.jpg?uid=0.872204,Zalmmes,ICEL ABSOLUTE STEEL zalmmes met kuiltjes (GV),Messen,MANHARD/ICEL horeca,Absolute steel,n.v.t.,25 cm,"€ 17,44"
http://www.manhard.eu/upload/webshop/default_020423025.jpg?uid=0.5649378,Schilmes,"ICEL ABSOLUTE STEEL schilmes, gebogen",Messen,MANHARD/ICEL horeca,Absolute steel,n.v.t.,8 cm,"€ 12,04"
http://www.manhard.eu/upload/webshop/default_020423025.jpg?uid=0.5649378,Schilmes,"ICEL ABSOLUTE STEEL schilmes, gebogen (GV)",Messen,MANHARD/ICEL horeca,Absolute steel,n.v.t.,8 cm,"€ 12,04"
http://www.manhard.eu/upload/webshop/default_020423023.jpg?uid=0.7271082,Fileermes,ICEL ABSOLUTE STEEL fileermes,Messen,MANHARD/ICEL horeca,Absolute steel,n.v.t.,15 cm,"€ 16,56"
http://www.manhard.eu/upload/webshop/default_020423023.jpg?uid=0.7271082,Fileermes,ICEL ABSOLUTE STEEL fileermes (GV),Messen,MANHARD/ICEL horeca,Absolute steel,n.v.t.,15 cm,"€ 16,56"
http://www.manhard.eu/upload/webshop/default_020423021.jpg?uid=0.4565393,Officemes,ICEL ABSOLUTE STEEL officemes,Messen,MANHARD/ICEL horeca,Absolute steel,n.v.t.,10 cm,"€ 12,04"
http://www.manhard.eu/upload/webshop/default_020423021.jpg?uid=0.4565393,Officemes,ICEL ABSOLUTE STEEL officemes (GV),Messen,MANHARD/ICEL horeca,Absolute steel,n.v.t.,10 cm,"€ 12,04"
http://www.manhard.eu/upload/webshop/default_020316077.jpg?uid=6.664675E-02,Schubmes,ICEL RVS schubmes,Messen,ICEL vismessen,Diverse,n.v.t.,19 cm,"€ 3,22"
http://www.manhard.eu/upload/webshop/default_020316077.jpg?uid=6.664675E-02,Schubmes,ICEL RVS schubmes met kunststof handgreep,Messen,ICEL vismessen,Diverse,Blauw,27 cm,"€ 4,81"
http://www.manhard.eu/upload/webshop/default_020316077.jpg?uid=6.664675E-02,Schubmes,MANHARD schubmes,Messen,ICEL vismessen,Diverse,Blauw,18 cm,"€ 27,76"
http://www.manhard.eu/upload/webshop/default_020423020.jpg?uid=0.7843592,Broodmes,ICEL ABSOLUTE STEEL broodmes,Messen,MANHARD/ICEL horeca,Absolute steel,n.v.t.,20 cm,"€ 16,63"
http://www.manhard.eu/upload/webshop/default_020423020.jpg?uid=0.7843592,Broodmes,ICEL ABSOLUTE STEEL broodmes (GV),Messen,MANHARD/ICEL horeca,Absolute steel,n.v.t.,20 cm,"€ 16,63"
http://www.manhard.eu/upload/webshop/default_020428045.jpg?uid=0.626156,Grapefruitmes,ICEL ESTORIL grapefruitmes,Messen,MANHARD/ICEL horeca,Estoril,Zwart,8 cm,"€ 2,12"
http://www.manhard.eu/upload/webshop/default_020423017.jpg?uid=0.5007288,Koksmes,ICEL ABSOLUTE STEEL koksmes,Messen,MANHARD/ICEL horeca,Absolute steel,n.v.t.,15 cm,"€ 16,63"
http://www.manhard.eu/upload/webshop/default_020423017.jpg?uid=0.5007288,Koksmes,ICEL ABSOLUTE STEEL koksmes,Messen,MANHARD/ICEL horeca,Absolute steel,n.v.t.,20 cm,"€ 20,92"
http://www.manhard.eu/upload/webshop/default_020423017.jpg?uid=0.5007288,Koksmes,ICEL ABSOLUTE STEEL koksmes,Messen,MANHARD/ICEL horeca,Absolute steel,n.v.t.,25 cm,"€ 24,19"
http://www.manhard.eu/upload/webshop/default_020423017.jpg?uid=0.5007288,Koksmes,ICEL ABSOLUTE STEEL koksmes (GV),Messen,MANHARD/ICEL horeca,Absolute steel,n.v.t.,15 cm,"€ 16,63"
http://www.manhard.eu/upload/webshop/default_020423017.jpg?uid=0.5007288,Koksmes,ICEL ABSOLUTE STEEL koksmes (GV),Messen,MANHARD/ICEL horeca,Absolute steel,n.v.t.,20 cm,"€ 20,92"
http://www.manhard.eu/upload/webshop/default_020423017.jpg?uid=0.5007288,Koksmes,ICEL ABSOLUTE STEEL koksmes (GV),Messen,MANHARD/ICEL horeca,Absolute steel,n.v.t.,25 cm,"€ 24,19"
http://www.manhard.eu/upload/webshop/default_020423016.jpg?uid=0.7896692,Santokumes,ICEL ABSOLUTE STEEL Santokumes,Messen,MANHARD/ICEL horeca,Absolute steel,n.v.t.,17 cm,"€ 17,44"
http://www.manhard.eu/upload/webshop/default_020423016.jpg?uid=0.7896692,Santokumes,ICEL ABSOLUTE STEEL Santokumes (GV),Messen,MANHARD/ICEL horeca,Absolute steel,n.v.t.,17 cm,"€ 17,44"
http://www.manhard.eu/upload/webshop/default_020425060.jpg?uid=0.8365442,blokmes,"ICEL TECHNIEK blokmes, smal",Messen,MANHARD/ICEL horeca,Techniek,Zwart,16 cm,"€ 11,02"
http://www.manhard.eu/upload/webshop/default_020421016.jpg?uid=0.3784754,Santokumes,"ICEL PLATINA Santokumes met kuiltjes, gesmeed",Messen,MANHARD/ICEL horeca,Platina messen,n.v.t.,18 cm,"€ 28,91"
http://www.manhard.eu/upload/webshop/default_020425049.jpg?uid=0.759823,Trancheerset,"ICEL TECHNIEK trancheer-set in geschenkverpakking, 2-delig",Messen,MANHARD/ICEL horeca,Techniek,Zwart,n.v.t.,"€ 25,52"
http://www.manhard.eu/upload/webshop/default_020437031.jpg?uid=0.5310633,Groentemes,"ICEL ONIX groentemes, gesmeed (GV)",Messen,MANHARD/ICEL horeca,Onix,n.v.t.,15 cm,"€ 17,96"
http://www.manhard.eu/upload/webshop/default_020437038.jpg?uid=0.3821985,Keukenset,"ICEL ONIX keuken set in geschenkverpakking, 3-delig",Messen,MANHARD/ICEL horeca,Onix,n.v.t.,n.v.t.,"€ 50,08"
http://www.manhard.eu/upload/webshop/default_020106062.jpg?uid=0.8471643,Smal flexibel,"ICEL/PROFLEX fileermes, extra smal, flexibel",Messen,ICEL/PROFLEX vleesmessen,Fileermes,Geel,13 cm,"€ 6,68"
http://www.manhard.eu/upload/webshop/default_020106062.jpg?uid=0.8471643,Smal flexibel,"ICEL/PROFLEX fileermes, extra smal, flexibel",Messen,ICEL/PROFLEX vleesmessen,Fileermes,Blauw,13 cm,"€ 6,68"
http://www.manhard.eu/upload/webshop/default_020437023.jpg?uid=0.608822,Fileermes,"ICEL ONIX fileermes, gesmeed (GV)",Messen,MANHARD/ICEL horeca,Onix,n.v.t.,20 cm,"€ 20,75"
http://www.manhard.eu/upload/webshop/default_020437021.jpg?uid=0.9389002,Officemes,"ICEL ONIX officemes, gesmeed (GV)",Messen,MANHARD/ICEL horeca,Onix,n.v.t.,10 cm,"€ 15,55"
http://www.manhard.eu/upload/webshop/default_020423018.jpg?uid=0.5210535,Vleesmes,ICEL ABSOLUTE STEEL vleesmes,Messen,MANHARD/ICEL horeca,Absolute steel,n.v.t.,20 cm,"€ 16,4"
http://www.manhard.eu/upload/webshop/default_020423018.jpg?uid=0.5210535,Vleesmes,ICEL ABSOLUTE STEEL vleesmes,Messen,MANHARD/ICEL horeca,Absolute steel,n.v.t.,25 cm,"€ 17,44"
http://www.manhard.eu/upload/webshop/default_020423018.jpg?uid=0.5210535,Vleesmes,ICEL ABSOLUTE STEEL vleesmes (GV),Messen,MANHARD/ICEL horeca,Absolute steel,n.v.t.,20 cm,"€ 16,4"
http://www.manhard.eu/upload/webshop/default_020423018.jpg?uid=0.5210535,Vleesmes,ICEL ABSOLUTE STEEL vleesmes (GV),Messen,MANHARD/ICEL horeca,Absolute steel,n.v.t.,25 cm,"€ 17,44"
http://www.manhard.eu/upload/webshop/default_020425059.jpg?uid=0.5378382,Snijmes,"ICEL TECHNIEK snijmes, ongetand",Messen,MANHARD/ICEL horeca,Techniek,Zwart,30 cm,"€ 16,79"
http://www.manhard.eu/upload/webshop/default_020425059.jpg?uid=0.5378382,Snijmes,"ICEL TECHNIEK snijmes, getand",Messen,MANHARD/ICEL horeca,Techniek,Zwart,25 cm,"€ 15,07"
http://www.manhard.eu/upload/webshop/default_020425059.jpg?uid=0.5378382,Snijmes,"ICEL TECHNIEK snijmes, getand",Messen,MANHARD/ICEL horeca,Techniek,Zwart,30 cm,"€ 18,29"
http://www.manhard.eu/upload/webshop/default_020423033.jpg?uid=0.1676599,Hammes,ICEL ABSOLUTE STEEL hammes,Messen,MANHARD/ICEL horeca,Absolute steel,n.v.t.,24 cm,"€ 16,96"
http://www.manhard.eu/upload/webshop/default_020423033.jpg?uid=0.1676599,Hammes,ICEL ABSOLUTE STEEL hammes,Messen,MANHARD/ICEL horeca,Absolute steel,n.v.t.,30 cm,"€ 18,65"
http://www.manhard.eu/upload/webshop/default_020423033.jpg?uid=0.1676599,Hammes,ICEL ABSOLUTE STEEL hammes (GV),Messen,MANHARD/ICEL horeca,Absolute steel,n.v.t.,24 cm,"€ 16,96"
http://www.manhard.eu/upload/webshop/default_020423033.jpg?uid=0.1676599,Hammes,ICEL ABSOLUTE STEEL hammes (GV),Messen,MANHARD/ICEL horeca,Absolute steel,n.v.t.,30 cm,"€ 18,65"
http://www.manhard.eu/upload/webshop/default_020437020.jpg?uid=0.8041345,Broodmes,"ICEL ONIX broodmes, gesmeed (GV)",Messen,MANHARD/ICEL horeca,Onix,n.v.t.,20 cm,"€ 21,15"
http://www.manhard.eu/upload/webshop/default_020437017.jpg?uid=0.5300867,Koksmes,"ICEL ONIX koksmes, gesmeed (GV)",Messen,MANHARD/ICEL horeca,Onix,n.v.t.,15 cm,"€ 23,53"
http://www.manhard.eu/upload/webshop/default_020437017.jpg?uid=0.5300867,Koksmes,"ICEL ONIX koksmes, gesmeed (GV)",Messen,MANHARD/ICEL horeca,Onix,n.v.t.,20 cm,"€ 26,1"
http://www.manhard.eu/upload/webshop/default_020437017.jpg?uid=0.5300867,Koksmes,"ICEL ONIX koksmes, gesmeed (GV)",Messen,MANHARD/ICEL horeca,Onix,n.v.t.,25 cm,"€ 29,2"
http://www.manhard.eu/upload/webshop/default_020437018.jpg?uid=0.3042566,Vleesmes,"ICEL ONIX vleesmes, gesmeed (GV)",Messen,MANHARD/ICEL horeca,Onix,n.v.t.,20 cm,"€ 20,75"
http://www.manhard.eu/upload/webshop/default_020437016.jpg?uid=0.6179773,Santokumes,"ICEL ONIX Santokumes met kuiltjes, gesmeed (GV)",Messen,MANHARD/ICEL horeca,Onix,n.v.t.,18 cm,"€ 26,32"
http://www.manhard.eu/upload/webshop/default_020425048.jpg?uid=8.001345E-02,Messenblok,"ICEL TECHNIEK messenblok, hout, 7-delig (GV)",Messen,MANHARD/ICEL horeca,Techniek,n.v.t.,n.v.t.,€ 114
http://www.manhard.eu/upload/webshop/default_020425048.jpg?uid=8.001345E-02,Messenblok,"ICEL TECHNIEK messenblok met RVS standaard, vierhoekig, hout, 7-delig (GV)",Messen,MANHARD/ICEL horeca,Techniek,n.v.t.,11 x 11 cm,"€ 135,16"
http://www.manhard.eu/upload/webshop/default_020425048.jpg?uid=8.001345E-02,Messenblok,"MANHARD/ICEL TECHNIEK messenblok, hout, 7-delig",Messen,MANHARD/ICEL horeca,Techniek,n.v.t.,n.v.t.,"€ 68,28"
http://www.manhard.eu/upload/webshop/default_020425048.jpg?uid=8.001345E-02,Messenblok,"MANHARD/ICEL TECHNIEK messenblok, kunststof, 8-delig, zwart/wit",Messen,MANHARD/ICEL horeca,Techniek,n.v.t.,n.v.t.,"€ 136,59"
http://www.manhard.eu/upload/webshop/default_020425042.jpg?uid=0.8168909,Steakvork,"ICEL TECHNIEK steakvork, 4-tands",Messen,MANHARD/ICEL horeca,Techniek,Zwart,19 cm,"€ 6,84"
http://www.manhard.eu/upload/webshop/default_020425041.jpg?uid=0.546322,Glaceermessen,ICEL TECHNIEK glaceermes,Messen,MANHARD/ICEL horeca,Techniek,Zwart,26 cm,€ 11
http://www.manhard.eu/upload/webshop/default_020425039.jpg?uid=0.2070276,Steakmes,ICEL TECHNIEK steakmes,Messen,MANHARD/ICEL horeca,Techniek,Zwart,12 cm,"€ 6,55"
http://www.manhard.eu/upload/webshop/default_020425035.jpg?uid=0.7641565,Kaasmes,ICEL TECHNIEK kaasmes,Messen,MANHARD/ICEL horeca,Techniek,Zwart,12 cm,"€ 14,49"
http://www.manhard.eu/upload/webshop/default_020425033.jpg?uid=0.3060877,Hammes,"ICEL TECHNIEK hammes, smal",Messen,MANHARD/ICEL horeca,Techniek,Zwart,24 cm,"€ 11,97"
http://www.manhard.eu/upload/webshop/default_020425033.jpg?uid=0.3060877,Hammes,"ICEL TECHNIEK hammes, smal",Messen,MANHARD/ICEL horeca,Techniek,Zwart,30 cm,"€ 14,11"
http://www.manhard.eu/upload/webshop/default_020425027.jpg?uid=0.726864,Zalmmes,ICEL TECHNIEK zalmmes met kuiltjes,Messen,MANHARD/ICEL horeca,Techniek,Zwart,25 cm,"€ 21,03"
http://www.manhard.eu/upload/webshop/default_020425027.jpg?uid=0.726864,Zalmmes,ICEL TECHNIEK zalmmes met kuiltjes,Messen,MANHARD/ICEL horeca,Techniek,Zwart,30 cm,"€ 22,86"
http://www.manhard.eu/upload/webshop/default_020429040.jpg?uid=0.3472254,Banketbakkersmes,ICEL HRC PRIME LINE Microban® banketbakkersmes met zaag tanding,Messen,MANHARD/ICEL horeca,HRC Prime Line,Zwart,30 cm,"€ 14,49"
http://www.manhard.eu/upload/webshop/default_020425023.jpg?uid=0.459347,Fileermes,"ICEL TECHNIEK fileermes, flexibel",Messen,MANHARD/ICEL horeca,Techniek,Zwart,17 cm,€ 11
http://www.manhard.eu/upload/webshop/default_020425021.jpg?uid=0.3884851,Officemes,ICEL TECHNIEK officemes,Messen,MANHARD/ICEL horeca,Techniek,Zwart,10 cm,"€ 6,05"
http://www.manhard.eu/upload/webshop/default_020425021.jpg?uid=0.3884851,Officemes,"ICEL TECHNIEK officemes, getand",Messen,MANHARD/ICEL horeca,Techniek,Zwart,10 cm,"€ 6,41"
http://www.manhard.eu/upload/webshop/default_020425022.jpg?uid=1.299685E-02,Vleesvork,ICEL TECHNIEK vleesvork,Messen,MANHARD/ICEL horeca,Techniek,Zwart,18 cm,"€ 9,9"
http://www.manhard.eu/upload/webshop/default_020425022.jpg?uid=1.299685E-02,Vleesvork,ICEL TECHNIEK vleesvork,Messen,MANHARD/ICEL horeca,Techniek,Zwart,20 cm,"€ 10,1"
http://www.manhard.eu/upload/webshop/default_020425025.jpg?uid=0.1727869,Schilmes,"ICEL TECHNIEK schilmes, gebogen",Messen,MANHARD/ICEL horeca,Techniek,Zwart,6 cm,"€ 5,72"
http://www.manhard.eu/upload/webshop/default_020428043.jpg?uid=0.3828699,Ontbijtmes,ICEL ESTORIL ontbijtmes,Messen,MANHARD/ICEL horeca,Estoril,Zwart,12 cm,"€ 2,5"
http://www.manhard.eu/upload/webshop/default_020425015.jpg?uid=0.2853968,Trancheermes,ICEL TECHNIEK trancheermes,Messen,MANHARD/ICEL horeca,Techniek,Zwart,19 cm,"€ 11,86"
http://www.manhard.eu/upload/webshop/default_020423031.jpg?uid=0.9724695,Groentemes,ICEL ABSOLUTE STEEL groentemes,Messen,MANHARD/ICEL horeca,Absolute steel,n.v.t.,15 cm,"€ 16,56"
http://www.manhard.eu/upload/webshop/default_020423031.jpg?uid=0.9724695,Groentemes,ICEL ABSOLUTE STEEL groentemes (GV),Messen,MANHARD/ICEL horeca,Absolute steel,n.v.t.,15 cm,"€ 16,56"
http://www.manhard.eu/upload/webshop/default_020428021.jpg?uid=5.901736E-02,Officemes,ICEL ESTORIL officemes,Messen,MANHARD/ICEL horeca,Estoril,Zwart,10 cm,"€ 2,14"
http://www.manhard.eu/upload/webshop/default_020428039.jpg?uid=0.259823,Steakmes,"ICEL ESTORIL steakmes, getand",Messen,MANHARD/ICEL horeca,Estoril,Zwart,13 cm,"€ 2,66"
http://www.manhard.eu/upload/webshop/default_020428038.jpg?uid=0.6065637,Keukenmes,ICEL ESTORIL keukenmes,Messen,MANHARD/ICEL horeca,Estoril,Zwart,10 cm,"€ 2,23"
http://www.manhard.eu/upload/webshop/default_020425016.jpg?uid=0.8768885,Santokumes,ICEL TECHNIEK Santokumes,Messen,MANHARD/ICEL horeca,Techniek,Zwart,18 cm,"€ 14,6"
http://www.manhard.eu/upload/webshop/default_020428025.jpg?uid=0.561825,Schilmes,"ICEL ESTORIL schilmes, recht",Messen,MANHARD/ICEL horeca,Estoril,Zwart,8 cm,"€ 1,73"
http://www.manhard.eu/upload/webshop/default_020428038.jpg?uid=0.6065637,Keukenmes,"ICEL ESTORIL keukenmes, getand",Messen,MANHARD/ICEL horeca,Estoril,Zwart,10 cm,"€ 2,41"
http://www.manhard.eu/upload/webshop/default_020425016.jpg?uid=0.8768885,Santokumes,ICEL TECHNIEK Santokumes met kuiltjes,Messen,MANHARD/ICEL horeca,Techniek,Zwart,18 cm,"€ 16,81"
http://www.manhard.eu/upload/webshop/default_020428025.jpg?uid=0.561825,Schilmes,"ICEL ESTORIL schilmes, recht",Messen,MANHARD/ICEL horeca,Estoril,Zwart,9 cm,"€ 1,89"
http://www.manhard.eu/upload/webshop/default_020428025.jpg?uid=0.561825,Schilmes,"ICEL ESTORIL schilmes, gebogen",Messen,MANHARD/ICEL horeca,Estoril,Zwart,6 cm,"€ 1,66"
http://www.manhard.eu/upload/webshop/default_020426038.jpg?uid=0.6287805,Keukenmes,ICEL CLASSICA keukenmes,Messen,MANHARD/ICEL horeca,Classica,Zwart,15 cm,"€ 7,04"
http://www.manhard.eu/upload/webshop/default_020426038.jpg?uid=0.6287805,Keukenmes,ICEL CLASSICA keukenmes,Messen,MANHARD/ICEL horeca,Classica,Zwart,18 cm,"€ 8,08"
http://www.manhard.eu/upload/webshop/default_020425019.jpg?uid=0.8626062,Uitbeenmes,"ICEL TECHNIEK uitbeenmes, breed",Messen,MANHARD/ICEL horeca,Techniek,Zwart,15 cm,"€ 9,2"
http://www.manhard.eu/upload/webshop/default_020425019.jpg?uid=0.8626062,Uitbeenmes,"ICEL TECHNIEK uitbeenmes, smal",Messen,MANHARD/ICEL horeca,Techniek,Zwart,15 cm,"€ 9,2"
http://www.manhard.eu/upload/webshop/default_020425017.jpg?uid=0.1946985,Koksmes,ICEL TECHNIEK koksmes,Messen,MANHARD/ICEL horeca,Techniek,Zwart,13 cm,"€ 10,1"
http://www.manhard.eu/upload/webshop/default_020425017.jpg?uid=0.1946985,Koksmes,ICEL TECHNIEK koksmes,Messen,MANHARD/ICEL horeca,Techniek,Zwart,15 cm,"€ 12,51"
http://www.manhard.eu/upload/webshop/default_020425017.jpg?uid=0.1946985,Koksmes,ICEL TECHNIEK koksmes,Messen,MANHARD/ICEL horeca,Techniek,Zwart,18 cm,"€ 13,73"
http://www.manhard.eu/upload/webshop/default_020425017.jpg?uid=0.1946985,Koksmes,ICEL TECHNIEK koksmes,Messen,MANHARD/ICEL horeca,Techniek,Zwart,20 cm,"€ 16,43"
http://www.manhard.eu/upload/webshop/default_020425017.jpg?uid=0.1946985,Koksmes,ICEL TECHNIEK koksmes,Messen,MANHARD/ICEL horeca,Techniek,Zwart,25 cm,"€ 18,38"
http://www.manhard.eu/upload/webshop/default_020425017.jpg?uid=0.1946985,Koksmes,ICEL TECHNIEK koksmes,Messen,MANHARD/ICEL horeca,Techniek,Zwart,30 cm,"€ 22,27"
http://www.manhard.eu/upload/webshop/default_020429024.jpg?uid=0.3363611,Tomaten-/kaasmes,ICEL HRC PRIME LINE Microban® tomaten-/kaasmes,Messen,MANHARD/ICEL horeca,HRC Prime Line,Zwart,12 cm,"€ 3,24"
http://www.manhard.eu/upload/webshop/default_020429031.jpg?uid=0.73901,Groentemes,ICEL HRC PRIME LINE Microban® groentemes,Messen,MANHARD/ICEL horeca,HRC Prime Line,Zwart,12 cm,"€ 3,24"
http://www.manhard.eu/upload/webshop/default_020429031.jpg?uid=0.73901,Groentemes,ICEL HRC PRIME LINE Microban® groentemes,Messen,MANHARD/ICEL horeca,HRC Prime Line,Zwart,15 cm,"€ 6,5"
http://www.manhard.eu/upload/webshop/default_020429031.jpg?uid=0.73901,Groentemes,ICEL HRC PRIME LINE Microban® groentemes,Messen,MANHARD/ICEL horeca,HRC Prime Line,Groen,12 cm,"€ 3,24"
http://www.manhard.eu/upload/webshop/default_020429021.jpg?uid=0.73901,Officemes,ICEL HRC PRIME LINE Microban® officemes,Messen,MANHARD/ICEL horeca,HRC Prime Line,Zwart,10 cm,"€ 2,92"
http://www.manhard.eu/upload/webshop/default_020429021.jpg?uid=0.73901,Officemes,"ICEL HRC PRIME LINE Microban® officemes, getand",Messen,MANHARD/ICEL horeca,HRC Prime Line,Zwart,10 cm,"€ 3,01"
http://www.manhard.eu/upload/webshop/default_020429021.jpg?uid=0.73901,Officemes,ICEL HRC PRIME LINE Microban® officemes,Messen,MANHARD/ICEL horeca,HRC Prime Line,Groen,10 cm,"€ 2,92"
http://www.manhard.eu/upload/webshop/default_020426019.jpg?uid=0.9669763,Uitbeenmes,"ICEL CLASSICA uitbeenmes, smal",Messen,MANHARD/ICEL horeca,Classica,Zwart,13 cm,"€ 8,95"
http://www.manhard.eu/upload/webshop/default_020426019.jpg?uid=0.9669763,Uitbeenmes,"ICEL CLASSICA uitbeenmes, smal",Messen,MANHARD/ICEL horeca,Classica,Zwart,15 cm,"€ 10,06"
http://www.manhard.eu/upload/webshop/default_020429018.jpg?uid=0.3438074,Vleesmes,ICEL HRC PRIME LINE Microban® vleesmes,Messen,MANHARD/ICEL horeca,HRC Prime Line,Zwart,20 cm,"€ 8,23"
http://www.manhard.eu/upload/webshop/default_020429018.jpg?uid=0.3438074,Vleesmes,ICEL HRC PRIME LINE Microban® vleesmes,Messen,MANHARD/ICEL horeca,HRC Prime Line,Zwart,25 cm,"€ 9,41"
http://www.manhard.eu/upload/webshop/default_020426022.jpg?uid=0.2617761,Vleesvork,ICEL CLASSICA vleesvork 'de Luxe',Messen,MANHARD/ICEL horeca,Classica,Zwart,14 cm,"€ 6,11"
http://www.manhard.eu/upload/webshop/default_020429023.jpg?uid=0.1160852,Fileermes,"ICEL HRC PRIME LINE Microban® fileermes, flexibel",Messen,MANHARD/ICEL horeca,HRC Prime Line,Zwart,16 cm,"€ 7,13"
http://www.manhard.eu/upload/webshop/default_020429023.jpg?uid=0.1160852,Fileermes,"ICEL HRC PRIME LINE Microban® fileermes, flexibel",Messen,MANHARD/ICEL horeca,HRC Prime Line,Blauw,16 cm,"€ 7,13"
http://www.manhard.eu/upload/webshop/default_020429023.jpg?uid=0.1160852,Fileermes,"ICEL HRC PRIME LINE Microban® fileermes, flexibel",Messen,MANHARD/ICEL horeca,HRC Prime Line,Blauw,18 cm,"€ 7,99"
http://www.manhard.eu/upload/webshop/default_020144002.jpg?uid=0.1160852,Steekmes,"ICEL/PROFLEX Microban® steekmes, PROTEC veiligheidsgreep",Messen,ICEL/PROFLEX vleesmessen,ICEL/PROTEC vleesmessen,Zwart,18 cm,"€ 9,11"
http://www.manhard.eu/upload/webshop/default_020144002.jpg?uid=0.1160852,Steekmes,"ICEL/PROFLEX Microban® steekmes, PROTEC veiligheidsgreep",Messen,ICEL/PROFLEX vleesmessen,ICEL/PROTEC vleesmessen,Zwart,20 cm,"€ 10,11"
http://www.manhard.eu/upload/webshop/default_020144002.jpg?uid=0.1160852,Steekmes,"ICEL/PROFLEX Microban® steekmes, PROTEC veiligheidsgreep",Messen,ICEL/PROFLEX vleesmessen,ICEL/PROTEC vleesmessen,Zwart,22 cm,"€ 11,22"
http://www.manhard.eu/upload/webshop/default_020144001.jpg?uid=0.6953546,Uitbeenmes,"ICEL/PROFLEX Microban® uitbeenmes, breed, PROTEC veiligheidsgreep",Messen,ICEL/PROFLEX vleesmessen,ICEL/PROTEC vleesmessen,Zwart,15 cm,"€ 7,33"
http://www.manhard.eu/upload/webshop/default_020429020.jpg?uid=0.668194,Broodmes,ICEL HRC PRIME LINE Microban® broodmes,Messen,MANHARD/ICEL horeca,HRC Prime Line,Zwart,20 cm,"€ 6,91"
http://www.manhard.eu/upload/webshop/default_020429020.jpg?uid=0.668194,Broodmes,ICEL HRC PRIME LINE Microban® broodmes,Messen,MANHARD/ICEL horeca,HRC Prime Line,Zwart,25 cm,"€ 9,5"
http://www.manhard.eu/upload/webshop/default_020429020.jpg?uid=0.668194,Broodmes,ICEL HRC PRIME LINE Microban® broodmes,Messen,MANHARD/ICEL horeca,HRC Prime Line,Wit,25 cm,"€ 9,5"
http://www.manhard.eu/upload/webshop/default_020426021.jpg?uid=0.9161188,Officemes,ICEL CLASSICA officemes,Messen,MANHARD/ICEL horeca,Classica,Zwart,9 cm,"€ 4,3"
http://www.manhard.eu/upload/webshop/default_020143001.jpg?uid=0.7696344,Darmmes,ICEL/PROFLEX Microban® darmmes,Messen,ICEL/PROFLEX vleesmessen,Diverse messen,Blauw,15 cm,"€ 15,79"
http://www.manhard.eu/upload/webshop/default_020801003.jpg?uid=0.3560602,"Gebogen, flexibel","GIESSER uitbeenmes, smal, gebogen, flexibel",Messen,GIESSER messen,Uitbeenmes,Zwart,13 cm,"€ 7,94"
http://www.manhard.eu/upload/webshop/default_020429027.jpg?uid=0.175213,Zalmmes,ICEL HRC PRIME LINE Microban® zalmmes met kuiltjes,Messen,MANHARD/ICEL horeca,HRC Prime Line,Blauw,30 cm,"€ 14,29"
http://www.manhard.eu/upload/webshop/default_020426031.jpg?uid=0.3580133,Groentemes,ICEL CLASSICA groentemes,Messen,MANHARD/ICEL horeca,Classica,Zwart,11 cm,"€ 4,68"
http://www.manhard.eu/upload/webshop/default_020426033.jpg?uid=0.7987482,Hammes,ICEL CLASSICA hammes,Messen,MANHARD/ICEL horeca,Classica,Zwart,24 cm,"€ 11,79"
http://www.manhard.eu/upload/webshop/default_020429017.jpg?uid=0.5611994,Koksmes,ICEL HRC PRIME LINE Microban® koksmes,Messen,MANHARD/ICEL horeca,HRC Prime Line,Zwart,16 cm,"€ 7,99"
http://www.manhard.eu/upload/webshop/default_020429017.jpg?uid=0.5611994,Koksmes,ICEL HRC PRIME LINE Microban® koksmes,Messen,MANHARD/ICEL horeca,HRC Prime Line,Zwart,18 cm,"€ 8,96"
http://www.manhard.eu/upload/webshop/default_020429017.jpg?uid=0.5611994,Koksmes,ICEL HRC PRIME LINE Microban® koksmes,Messen,MANHARD/ICEL horeca,HRC Prime Line,Zwart,20 cm,"€ 12,98"
http://www.manhard.eu/upload/webshop/default_020429017.jpg?uid=0.5611994,Koksmes,ICEL HRC PRIME LINE Microban® koksmes,Messen,MANHARD/ICEL horeca,HRC Prime Line,Zwart,25 cm,"€ 14,49"
http://www.manhard.eu/upload/webshop/default_020429017.jpg?uid=0.5611994,Koksmes,ICEL HRC PRIME LINE Microban® koksmes,Messen,MANHARD/ICEL horeca,HRC Prime Line,Zwart,30 cm,"€ 16,54"
http://www.manhard.eu/upload/webshop/default_020429017.jpg?uid=0.5611994,Koksmes,"ICEL HRC PRIME LINE Microban® koksmes, getand",Messen,MANHARD/ICEL horeca,HRC Prime Line,Zwart,20 cm,"€ 13,63"
http://www.manhard.eu/upload/webshop/default_020429033.jpg?uid=0.6008722,Hammes,ICEL HRC PRIME LINE Microban® hammes,Messen,MANHARD/ICEL horeca,HRC Prime Line,Zwart,24 cm,"€ 9,25"
http://www.manhard.eu/upload/webshop/default_020241005.jpg?uid=0.2504084,voor kloofbijlen 24 cm,"Kunststof handgreep voor kloofbijl 24cm, incl. bouten (oud model)",Messen,Hakmessen en kloofbijlen,Diverse onderdelen,Wit,24 cm,"€ 14,57"
http://www.manhard.eu/upload/webshop/default_020241005.jpg?uid=0.2504084,voor kloofbijlen 24 cm,"Kunststof handgreep voor kloofbijl 24cm, incl. bouten (nieuw model)",Messen,Hakmessen en kloofbijlen,Diverse onderdelen,Wit,24 cm,"€ 14,57"
http://www.manhard.eu/upload/webshop/default_020143002.jpg?uid=0.3182794,Huidmes,ICEL/PROFLEX Microban® huidmes,Messen,ICEL/PROFLEX vleesmessen,Diverse messen,Zwart,16 cm,"€ 10,07"
http://www.manhard.eu/upload/webshop/default_020143002.jpg?uid=0.3182794,Huidmes,ICEL/PROFLEX Microban® huidmes,Messen,ICEL/PROFLEX vleesmessen,Diverse messen,Zwart,18 cm,"€ 11,02"
http://www.manhard.eu/upload/webshop/default_020143003.jpg?uid=0.3942072,Polkmes,"ICEL polkmes, smal",Messen,ICEL/PROFLEX vleesmessen,Diverse messen,Zwart,10 cm,"€ 3,33"
http://www.manhard.eu/upload/webshop/default_020143003.jpg?uid=0.3942072,Polkmes,ICEL/PROFLEX Microban® polkmes,Messen,ICEL/PROFLEX vleesmessen,Diverse messen,Zwart,10 cm,"€ 5,45"
http://www.manhard.eu/upload/webshop/default_020143003.jpg?uid=0.3942072,Polkmes,ICEL/PROFLEX Microban® polkmes,Messen,ICEL/PROFLEX vleesmessen,Diverse messen,Geel,10 cm,"€ 5,45"
http://www.manhard.eu/upload/webshop/default_020143003.jpg?uid=0.3942072,Polkmes,ICEL/PROFLEX Microban® polkmes,Messen,ICEL/PROFLEX vleesmessen,Diverse messen,Rood,10 cm,"€ 5,45"
http://www.manhard.eu/upload/webshop/default_020425020.jpg?uid=0.7554132,Broodmes,ICEL TECHNIEK broodmes,Messen,MANHARD/ICEL horeca,Techniek,Zwart,20 cm,"€ 11,39"
http://www.manhard.eu/upload/webshop/default_020104054.jpg?uid=2.518862E-02,Smal,"ICEL/PROFLEX Microban® blokmes, smal",Messen,ICEL/PROFLEX vleesmessen,blokmes,Geel,18 cm,"€ 8,65"
http://www.manhard.eu/upload/webshop/default_020104054.jpg?uid=2.518862E-02,Smal,"ICEL/PROFLEX blokmes, smal",Messen,ICEL/PROFLEX vleesmessen,blokmes,Blauw,18 cm,"€ 8,65"
http://www.manhard.eu/upload/webshop/default_020429025.jpg?uid=0.1865656,Schilmes,"ICEL HRC PRIME LINE Microban® schilmes, gebogen",Messen,MANHARD/ICEL horeca,HRC Prime Line,Zwart,6 cm,"€ 2,61"
http://www.manhard.eu/upload/webshop/default_020429025.jpg?uid=0.1865656,Schilmes,ICEL HRC PRIME LINE Microban® schilmes,Messen,MANHARD/ICEL horeca,HRC Prime Line,Zwart,8 cm,"€ 2,72"
http://www.manhard.eu/upload/webshop/default_020103065.jpg?uid=0.7402155,met kuiltjes,ICEL/PROFLEX voorsnijmes met kuiltjes,Messen,ICEL/PROFLEX vleesmessen,Voorsnijmes,Blauw,20 cm,"€ 14,01"
http://www.manhard.eu/upload/webshop/default_020103065.jpg?uid=0.7402155,met kuiltjes,ICEL/PROFLEX voorsnijmes met kuiltjes,Messen,ICEL/PROFLEX vleesmessen,Voorsnijmes,Blauw,26 cm,"€ 18,25"
http://www.manhard.eu/upload/webshop/default_020801004.jpg?uid=0.0510065,"Gebogen, semi-flex","GIESSER uitbeenmes, smal, gebogen, semi-flexibel",Messen,GIESSER messen,Uitbeenmes,Zwart,15 cm,"€ 8,83"
http://www.manhard.eu/upload/webshop/default_020426024.jpg?uid=0.2813532,Tomaten-/kaasmes,ICEL CLASSICA tomaten-/kaasmes (271510211),Messen,MANHARD/ICEL horeca,Classica,Zwart,11 cm,"€ 4,63"
http://www.manhard.eu/upload/webshop/default_020105002.jpg?uid=3.873843E-02,gebogen,"ICEL/PROFLEX Microban® breekmes, gebogen",Messen,ICEL/PROFLEX vleesmessen,Breekmes,Zwart,20 cm,"€ 7,95"
http://www.manhard.eu/upload/webshop/default_020105002.jpg?uid=3.873843E-02,gebogen,"ICEL/PROFLEX breekmes, gebogen",Messen,ICEL/PROFLEX vleesmessen,Breekmes,Zwart,25 cm,"€ 10,76"
http://www.manhard.eu/upload/webshop/default_020105002.jpg?uid=3.873843E-02,gebogen,"ICEL/PROFLEX Microban® breekmes, gebogen",Messen,ICEL/PROFLEX vleesmessen,Breekmes,Blauw,20 cm,"€ 7,95"
http://www.manhard.eu/upload/webshop/default_020801002.jpg?uid=0.6652033,gebogen,"GIESSER uitbeenmes, smal, gebogen",Messen,GIESSER messen,Uitbeenmes,Groen,15 cm,"€ 8,83"
http://www.manhard.eu/upload/webshop/default_020420048.jpg?uid=0.3397638,Messenblok,"MANHARD SMEEDIJZER messenblok, hout, 9-delig",Messen,MANHARD/ICEL horeca,Smeedijzeren messen,n.v.t.,n.v.t.,"€ 198,43"
http://www.manhard.eu/upload/webshop/default_020420048.jpg?uid=0.3397638,Messenblok,"MANHARD SMEEDIJZER messenblok, kunststof, 8-delig",Messen,MANHARD/ICEL horeca,Smeedijzeren messen,n.v.t.,n.v.t.,"€ 209,58"
http://www.manhard.eu/upload/webshop/default_020239074.jpg?uid=0.7980768,25 cm,"MANHARD hakmes, 1240 gram",Messen,Hakmessen en kloofbijlen,Industrieele Hakmessen,Geel,25 cm,"€ 42,34"
http://www.manhard.eu/upload/webshop/default_020239074.jpg?uid=0.7980768,25 cm,"MANHARD hakmes, 1240 gram",Messen,Hakmessen en kloofbijlen,Industrieele Hakmessen,Zwart,25 cm,"€ 42,34"
http://www.manhard.eu/upload/webshop/default_020338004.jpg?uid=0.8667414,26 cm,"MANHARD RVS schaar, getand",Messen,ICEL vismessen,Schaar,n.v.t.,26 cm,"€ 24,14"
http://www.manhard.eu/upload/webshop/default_020241001.jpg?uid=0.3011286,voor Hakmessen,"Kunststof handgreep voor hakmes, incl. bouten",Messen,Hakmessen en kloofbijlen,Diverse onderdelen,Geel,25 cm,"€ 7,05"
http://www.manhard.eu/upload/webshop/default_020241001.jpg?uid=0.3011286,voor Hakmessen,"Kunststof handgreep voor hakmes, incl. bouten",Messen,Hakmessen en kloofbijlen,Diverse onderdelen,Zwart,n.v.t.,"€ 7,05"
http://www.manhard.eu/upload/webshop/default_020241001.jpg?uid=0.3011286,voor Hakmessen,"Kunststof handgreep voor hakmes met extra lange greep, incl. bouten",Messen,Hakmessen en kloofbijlen,Diverse onderdelen,Wit,25 cm,"€ 14,57"
http://www.manhard.eu/upload/webshop/default_020241003.jpg?uid=0.6345636,voor kloofbijlen 27 t/m 32 cm,"Kunststof handgreep voor kloofbijl, 27 t/m 32cm, incl. bouten (oud model)",Messen,Hakmessen en kloofbijlen,Diverse onderdelen,Wit,n.v.t.,"€ 14,57"
http://www.manhard.eu/upload/webshop/default_020103066.jpg?uid=0.9794123,Voorsnijmes,ICEL/PROFLEX Microban® voorsnijmes,Messen,ICEL/PROFLEX vleesmessen,Voorsnijmes,Zwart,16 cm,"€ 9,52"
http://www.manhard.eu/upload/webshop/default_020103066.jpg?uid=0.9794123,Voorsnijmes,ICEL/PROFLEX Microban® voorsnijmes,Messen,ICEL/PROFLEX vleesmessen,Voorsnijmes,Zwart,20 cm,"€ 11,2"
http://www.manhard.eu/upload/webshop/default_020103066.jpg?uid=0.9794123,Voorsnijmes,ICEL/PROFLEX Microban® voorsnijmes,Messen,ICEL/PROFLEX vleesmessen,Voorsnijmes,Zwart,26 cm,"€ 14,57"
http://www.manhard.eu/upload/webshop/default_020103066.jpg?uid=0.9794123,Voorsnijmes,ICEL/PROFLEX Microban® voorsnijmes,Messen,ICEL/PROFLEX vleesmessen,Voorsnijmes,Geel,16 cm,"€ 9,52"
http://www.manhard.eu/upload/webshop/default_020103066.jpg?uid=0.9794123,Voorsnijmes,ICEL/PROFLEX Microban® voorsnijmes,Messen,ICEL/PROFLEX vleesmessen,Voorsnijmes,Geel,20 cm,"€ 11,2"
http://www.manhard.eu/upload/webshop/default_020103066.jpg?uid=0.9794123,Voorsnijmes,ICEL/PROFLEX Microban® voorsnijmes,Messen,ICEL/PROFLEX vleesmessen,Voorsnijmes,Geel,26 cm,"€ 14,57"
http://www.manhard.eu/upload/webshop/default_020103066.jpg?uid=0.9794123,Voorsnijmes,ICEL/PROFLEX Microban® voorsnijmes,Messen,ICEL/PROFLEX vleesmessen,Voorsnijmes,Blauw,24 cm,"€ 12,8"
http://www.manhard.eu/upload/webshop/default_020102052.jpg?uid=0.7607843,Steekmes,ICEL/PROFLEX Microban® steekmes,Messen,ICEL/PROFLEX vleesmessen,Steekmes,Zwart,18 cm,"€ 8,68"
http://www.manhard.eu/upload/webshop/default_020102052.jpg?uid=0.7607843,Steekmes,ICEL/PROFLEX Microban® steekmes,Messen,ICEL/PROFLEX vleesmessen,Steekmes,Zwart,20 cm,"€ 9,62"
http://www.manhard.eu/upload/webshop/default_020102052.jpg?uid=0.7607843,Steekmes,ICEL/PROFLEX Microban® steekmes,Messen,ICEL/PROFLEX vleesmessen,Steekmes,Zwart,22 cm,"€ 10,69"
http://www.manhard.eu/upload/webshop/default_020102052.jpg?uid=0.7607843,Steekmes,ICEL/PROFLEX Microban® steekmes,Messen,ICEL/PROFLEX vleesmessen,Steekmes,Zwart,25 cm,"€ 11,55"
http://www.manhard.eu/upload/webshop/default_020102052.jpg?uid=0.7607843,Steekmes,ICEL/PROFLEX Microban® steekmes,Messen,ICEL/PROFLEX vleesmessen,Steekmes,Geel,18 cm,"€ 8,68"
http://www.manhard.eu/upload/webshop/default_020102052.jpg?uid=0.7607843,Steekmes,ICEL/PROFLEX steekmes,Messen,ICEL/PROFLEX vleesmessen,Steekmes,Geel,22 cm,"€ 10,69"
http://www.manhard.eu/upload/webshop/default_020102052.jpg?uid=0.7607843,Steekmes,ICEL/PROFLEX Microban® steekmes,Messen,ICEL/PROFLEX vleesmessen,Steekmes,Geel,25 cm,"€ 11,55"
http://www.manhard.eu/upload/webshop/default_020337003.jpg?uid=0.7860529,Anti-slip,MANHARD Microban® oestermes met anti-slip handgreep,Messen,ICEL vismessen,Oestermes,Blauw,7 cm,"€ 5,46"
http://www.manhard.eu/upload/webshop/default_020337003.jpg?uid=0.7860529,Anti-slip,"MANHARD Microban® oestermes met anti-slip handgreep, smal",Messen,ICEL vismessen,Oestermes,Blauw,8 cm,"€ 5,25"
http://www.manhard.eu/upload/webshop/default_020425018.jpg?uid=0.4891626,Vleesmes,ICEL TECHNIEK vleesmes,Messen,MANHARD/ICEL horeca,Techniek,Zwart,17 cm,€ 11
http://www.manhard.eu/upload/webshop/default_020425018.jpg?uid=0.4891626,Vleesmes,ICEL TECHNIEK vleesmes,Messen,MANHARD/ICEL horeca,Techniek,Zwart,20 cm,"€ 12,8"
http://www.manhard.eu/upload/webshop/default_020425018.jpg?uid=0.4891626,Vleesmes,ICEL TECHNIEK vleesmes,Messen,MANHARD/ICEL horeca,Techniek,Zwart,25 cm,"€ 14,45"
http://www.manhard.eu/upload/webshop/default_020101070.jpg?uid=0.4819605,met kuiltjes,"ICEL/PROFLEX Microban® uitbeenmes met kuiltjes, breed, gebogen",Messen,ICEL/PROFLEX vleesmessen,Uitbeenmes,Zwart,15 cm,"€ 8,09"
http://www.manhard.eu/upload/webshop/default_020101070.jpg?uid=0.4819605,met kuiltjes,"ICEL/PROFLEX Microban® uitbeenmes met kuiltjes, gebogen, semi-flexibel",Messen,ICEL/PROFLEX vleesmessen,Uitbeenmes,Zwart,15 cm,"€ 8,09"
http://www.manhard.eu/upload/webshop/default_020101070.jpg?uid=0.4819605,met kuiltjes,"ICEL/PROFLEX Microban® uitbeenmes met kuiltjes, gebogen, flexibel",Messen,ICEL/PROFLEX vleesmessen,Uitbeenmes,Zwart,15 cm,"€ 8,09"
http://www.manhard.eu/upload/webshop/default_020101070.jpg?uid=0.4819605,met kuiltjes,"ICEL/PROFLEX Microban® uitbeenmes met kuiltjes, gebogen, flexibel",Messen,ICEL/PROFLEX vleesmessen,Uitbeenmes,Rood,15 cm,"€ 8,09"
http://www.manhard.eu/upload/webshop/default_020101070.jpg?uid=0.4819605,met kuiltjes,"ICEL/PROFLEX Microban® uitbeenmes met kuiltjes, gebogen, semi-flexibel",Messen,ICEL/PROFLEX vleesmessen,Uitbeenmes,Blauw,15 cm,"€ 8,09"
http://www.manhard.eu/upload/webshop/default_020101070.jpg?uid=0.4819605,met kuiltjes,"ICEL/PROFLEX Microban® uitbeenmes met kuiltjes, gebogen, flexibel",Messen,ICEL/PROFLEX vleesmessen,Uitbeenmes,Blauw,15 cm,"€ 8,09"
http://www.manhard.eu/upload/webshop/default_020102051.jpg?uid=0.2377588,Diverse,ICEL/PROFLEX Microban® steekmes,Messen,ICEL/PROFLEX vleesmessen,Steekmes,Rood,18 cm,"€ 8,68"
http://www.manhard.eu/upload/webshop/default_020338003.jpg?uid=0.1983301,20 cm,MANHARD RVS schaar,Messen,ICEL vismessen,Schaar,n.v.t.,20 cm,"€ 12,08"
http://www.manhard.eu/upload/webshop/default_020337001.jpg?uid=0.1623804,met kap,"MANHARD oestermes met kap, hout",Messen,ICEL vismessen,Oestermes,n.v.t.,5 cm,"€ 6,19"
http://www.manhard.eu/upload/webshop/default_020337001.jpg?uid=0.1623804,met kap,MANHARD oestermes met kap,Messen,ICEL vismessen,Oestermes,Zwart,5 cm,"€ 6,32"
http://www.manhard.eu/upload/webshop/default_020314051.jpg?uid=0.3104517,Diverse,"MANHARD panmes, hout",Messen,ICEL vismessen,Panmes,n.v.t.,9 cm,"€ 6,62"
http://www.manhard.eu/upload/webshop/default_020314051.jpg?uid=0.3104517,Diverse,MANHARD panmes,Messen,ICEL vismessen,Panmes,Wit,9 cm,"€ 7,74"
http://www.manhard.eu/upload/webshop/default_020239071.jpg?uid=0.8904688,18 cm,"MANHARD hakmes, 840 gram",Messen,Hakmessen en kloofbijlen,Industrieele Hakmessen,Geel,18 cm,"€ 34,14"
http://www.manhard.eu/upload/webshop/default_020239071.jpg?uid=0.8904688,18 cm,"MANHARD hakmes, 840 gram",Messen,Hakmessen en kloofbijlen,Industrieele Hakmessen,Zwart,18 cm,"€ 34,14"
http://www.manhard.eu/upload/webshop/default_020426020.jpg?uid=0.6574365,Broodmes,"ICEL CLASSICA broodmes, getand",Messen,MANHARD/ICEL horeca,Classica,Zwart,20 cm,"€ 8,3"
http://www.manhard.eu/upload/webshop/default_020239073.jpg?uid=0.3796656,23 cm,"MANHARD hakmes, 1060 gram",Messen,Hakmessen en kloofbijlen,Industrieele Hakmessen,Geel,23 cm,"€ 40,45"
http://www.manhard.eu/upload/webshop/default_020239073.jpg?uid=0.3796656,23 cm,"MANHARD hakmes, 1060 gram",Messen,Hakmessen en kloofbijlen,Industrieele Hakmessen,Zwart,23 cm,"€ 40,45"
http://www.manhard.eu/upload/webshop/default_020104053.jpg?uid=0.4968531,breed,"ICEL/PROFLEX Microban® blokmes, breed",Messen,ICEL/PROFLEX vleesmessen,blokmes,Zwart,20 cm,"€ 11,09"
http://www.manhard.eu/upload/webshop/default_020104053.jpg?uid=0.4968531,breed,"ICEL/PROFLEX blokmes, breed",Messen,ICEL/PROFLEX vleesmessen,blokmes,Zwart,25 cm,"€ 13,23"
http://www.manhard.eu/upload/webshop/default_020104053.jpg?uid=0.4968531,breed,"ICEL/PROFLEX Microban® blokmes, breed",Messen,ICEL/PROFLEX vleesmessen,blokmes,Zwart,30 cm,"€ 16,32"
http://www.manhard.eu/upload/webshop/default_020104053.jpg?uid=0.4968531,breed,"ICEL/PROFLEX blokmes, breed",Messen,ICEL/PROFLEX vleesmessen,blokmes,Geel,20 cm,"€ 11,09"
http://www.manhard.eu/upload/webshop/default_020104053.jpg?uid=0.4968531,breed,"ICEL/PROFLEX blokmes, breed",Messen,ICEL/PROFLEX vleesmessen,blokmes,Geel,25 cm,"€ 13,23"
http://www.manhard.eu/upload/webshop/default_020104053.jpg?uid=0.4968531,breed,"ICEL/PROFLEX blokmes, breed",Messen,ICEL/PROFLEX vleesmessen,blokmes,Blauw,25 cm,"€ 13,23"
http://www.manhard.eu/upload/webshop/default_020239083.jpg?uid=0.2510797,"20 cm, extra lange handgreep","MANHARD hakmes met extra lange greep, 1100 gram",Messen,Hakmessen en kloofbijlen,Industrieele Hakmessen,Wit,20 cm,"€ 58,67"
http://www.manhard.eu/upload/webshop/default_020239083.jpg?uid=0.2510797,"20 cm, extra lange handgreep","MANHARD hakmes met extra lange greep, 1325 gram",Messen,Hakmessen en kloofbijlen,Industrieele Hakmessen,Wit,25 cm,"€ 68,05"
http://www.manhard.eu/upload/webshop/default_020101054.jpg?uid=0.4294702,Smal,"ICEL/PROFLEX Microban® uitbeenmes, smal",Messen,ICEL/PROFLEX vleesmessen,Uitbeenmes,Zwart,13 cm,"€ 6,75"
http://www.manhard.eu/upload/webshop/default_020101054.jpg?uid=0.4294702,Smal,"ICEL/PROFLEX Microban® uitbeenmes, smal",Messen,ICEL/PROFLEX vleesmessen,Uitbeenmes,Zwart,15 cm,"€ 6,98"
http://www.manhard.eu/upload/webshop/default_020101054.jpg?uid=0.4294702,Smal,"ICEL/PROFLEX Microban® uitbeenmes, smal",Messen,ICEL/PROFLEX vleesmessen,Uitbeenmes,Geel,13 cm,"€ 6,75"
http://www.manhard.eu/upload/webshop/default_020101054.jpg?uid=0.4294702,Smal,"ICEL/PROFLEX uitbeenmes, smal",Messen,ICEL/PROFLEX vleesmessen,Uitbeenmes,Geel,15 cm,"€ 6,98"
http://www.manhard.eu/upload/webshop/default_020337002.jpg?uid=0.7603418,Smal,"MANHARD oestermes, smal",Messen,ICEL vismessen,Oestermes,Zwart,8 cm,"€ 6,93"
http://www.manhard.eu/upload/webshop/default_020101053.jpg?uid=0.5433008,breed,"ICEL/PROFLEX Microban® uitbeenmes, breed",Messen,ICEL/PROFLEX vleesmessen,Uitbeenmes,Zwart,14 cm,"€ 6,9"
http://www.manhard.eu/upload/webshop/default_020101053.jpg?uid=0.5433008,breed,"ICEL/PROFLEX Microban® uitbeenmes, breed",Messen,ICEL/PROFLEX vleesmessen,Uitbeenmes,Zwart,15 cm,"€ 6,98"
http://www.manhard.eu/upload/webshop/default_020101053.jpg?uid=0.5433008,breed,"ICEL/PROFLEX Microban® uitbeenmes, breed",Messen,ICEL/PROFLEX vleesmessen,Uitbeenmes,Geel,15 cm,"€ 6,98"
http://www.manhard.eu/upload/webshop/default_020101053.jpg?uid=0.5433008,breed,"ICEL/PROFLEX Microban®  uitbeenmes, breed",Messen,ICEL/PROFLEX vleesmessen,Uitbeenmes,Rood,15 cm,"€ 6,98"
http://www.manhard.eu/upload/webshop/default_020101053.jpg?uid=0.5433008,breed,"ICEL/PROFLEX uitbeenmes, breed",Messen,ICEL/PROFLEX vleesmessen,Uitbeenmes,Blauw,14 cm,"€ 6,9"
http://www.manhard.eu/upload/webshop/default_020101053.jpg?uid=0.5433008,breed,"ICEL/PROFLEX Microban® uitbeenmes, breed",Messen,ICEL/PROFLEX vleesmessen,Uitbeenmes,Blauw,15 cm,"€ 6,98"
http://www.manhard.eu/upload/webshop/default_020239072.jpg?uid=0.3880274,20 cm,"MANHARD hakmes, 1000 gram",Messen,Hakmessen en kloofbijlen,Industrieele Hakmessen,Geel,20 cm,"€ 36,36"
http://www.manhard.eu/upload/webshop/default_020239072.jpg?uid=0.3880274,20 cm,"MANHARD hakmes, 1000 gram",Messen,Hakmessen en kloofbijlen,Industrieele Hakmessen,Zwart,20 cm,"€ 36,36"
http://www.manhard.eu/upload/webshop/default_020101055.jpg?uid=0.7523462,"breed, gebogen","ICEL/PROFLEX Microban® uitbeenmes, breed, gebogen",Messen,ICEL/PROFLEX vleesmessen,Uitbeenmes,Zwart,15 cm,"€ 6,98"
http://www.manhard.eu/upload/webshop/default_020101055.jpg?uid=0.7523462,"breed, gebogen","ICEL/PROFLEX uitbeenmes, breed, gebogen (283.1407.15)",Messen,ICEL/PROFLEX vleesmessen,Uitbeenmes,Geel,15 cm,"€ 6,98"
http://www.manhard.eu/upload/webshop/default_020101055.jpg?uid=0.7523462,"breed, gebogen","ICEL/PROFLEX uitbeenmes, breed, gebogen",Messen,ICEL/PROFLEX vleesmessen,Uitbeenmes,Rood,13 cm,"€ 6,75"
http://www.manhard.eu/upload/webshop/default_020101055.jpg?uid=0.7523462,"breed, gebogen","ICEL/PROFLEX Microban® uitbeenmes, breed, gebogen",Messen,ICEL/PROFLEX vleesmessen,Uitbeenmes,Blauw,15 cm,"€ 6,98"
http://www.manhard.eu/upload/webshop/default_020101003.jpg?uid=0.3917505,"Gebogen, flexibel","ICEL/PROFLEX Microban® uitbeenmes, gebogen, flexibel",Messen,ICEL/PROFLEX vleesmessen,Uitbeenmes,Geel,13 cm,"€ 6,75"
http://www.manhard.eu/upload/webshop/default_020101004.jpg?uid=0.9789698,"Gebogen, semi-flex","ICEL/PROFLEX Microban® uitbeenmes, gebogen, semi-flexibel",Messen,ICEL/PROFLEX vleesmessen,Uitbeenmes,Zwart,13 cm,"€ 6,75"
http://www.manhard.eu/upload/webshop/default_020101004.jpg?uid=0.9789698,"Gebogen, semi-flex","ICEL/PROFLEX Microban® uitbeenmes, gebogen, semi-flexibel",Messen,ICEL/PROFLEX vleesmessen,Uitbeenmes,Zwart,15 cm,"€ 6,98"
http://www.manhard.eu/upload/webshop/default_020101004.jpg?uid=0.9789698,"Gebogen, semi-flex","ICEL/PROFLEX Microban® uitbeenmes, gebogen, semi-flexibel",Messen,ICEL/PROFLEX vleesmessen,Uitbeenmes,Geel,13 cm,"€ 6,75"
http://www.manhard.eu/upload/webshop/default_020101004.jpg?uid=0.9789698,"Gebogen, semi-flex","ICEL/PROFLEX Microban® uitbeenmes, gebogen, semi-flexibel",Messen,ICEL/PROFLEX vleesmessen,Uitbeenmes,Geel,15 cm,"€ 6,98"
http://www.manhard.eu/upload/webshop/default_020101004.jpg?uid=0.9789698,"Gebogen, semi-flex","ICEL/PROFLEX Microban® uitbeenmes, gebogen, semi-flexibel",Messen,ICEL/PROFLEX vleesmessen,Uitbeenmes,Rood,13 cm,"€ 6,75"
http://www.manhard.eu/upload/webshop/default_020101004.jpg?uid=0.9789698,"Gebogen, semi-flex","ICEL/PROFLEX Microban® uitbeenmes, gebogen, semi-flexibel",Messen,ICEL/PROFLEX vleesmessen,Uitbeenmes,Rood,15 cm,"€ 6,98"
http://www.manhard.eu/upload/webshop/default_020101004.jpg?uid=0.9789698,"Gebogen, semi-flex","ICEL/PROFLEX Microban® uitbeenmes, gebogen, semi-flexibel",Messen,ICEL/PROFLEX vleesmessen,Uitbeenmes,Blauw,13 cm,"€ 6,75"
http://www.manhard.eu/upload/webshop/default_020101002.jpg?uid=0.585354,gebogen,"ICEL/PROFLEX Microban® uitbeenmes, gebogen",Messen,ICEL/PROFLEX vleesmessen,Uitbeenmes,Zwart,13 cm,"€ 6,75"
http://www.manhard.eu/upload/webshop/default_020101002.jpg?uid=0.585354,gebogen,"ICEL/PROFLEX Microban® uitbeenmes, gebogen",Messen,ICEL/PROFLEX vleesmessen,Uitbeenmes,Zwart,15 cm,"€ 6,98"
http://www.manhard.eu/upload/webshop/default_020101002.jpg?uid=0.585354,gebogen,"ICEL/PROFLEX Microban® uitbeenmes, gebogen",Messen,ICEL/PROFLEX vleesmessen,Uitbeenmes,Geel,13 cm,"€ 6,75"
http://www.manhard.eu/upload/webshop/default_020101002.jpg?uid=0.585354,gebogen,"ICEL/PROFLEX Microban® uitbeenmes, gebogen",Messen,ICEL/PROFLEX vleesmessen,Uitbeenmes,Geel,15 cm,"€ 6,98"
http://www.manhard.eu/upload/webshop/default_020420047.jpg?uid=0.3493921,Koffer,"MANHARD messenkoffer compleet SMEEDIJZER,17-delig",Messen,MANHARD/ICEL horeca,Smeedijzeren messen,n.v.t.,n.v.t.,"€ 273,31"
http://www.manhard.eu/upload/webshop/default_020420022.jpg?uid=0.3669702,Vleesvork,"MANHARD vleesvork, gesmeed",Messen,MANHARD/ICEL horeca,Smeedijzeren messen,Zwart,13 cm,"€ 19,56"
http://www.manhard.eu/upload/webshop/default_020420022.jpg?uid=0.3669702,Vleesvork,"MANHARD vleesvork, gesmeed",Messen,MANHARD/ICEL horeca,Smeedijzeren messen,Zwart,16 cm,"€ 23,99"
http://www.manhard.eu/upload/webshop/default_020420022.jpg?uid=0.3669702,Vleesvork,"MANHARD vleesvork, gebogen, gesmeed",Messen,MANHARD/ICEL horeca,Smeedijzeren messen,Zwart,21 cm,"€ 33,55"
http://www.manhard.eu/upload/webshop/default_020420075.jpg?uid=0.9251367,Decormes,"MANHARD decormes, gesmeed",Messen,MANHARD/ICEL horeca,Smeedijzeren messen,Zwart,11 cm,"€ 26,01"
http://www.manhard.eu/upload/webshop/default_020219078.jpg?uid=0.3847925,Duits model,"MANHARD RVS kloofbijl, smal, 3000 gram",Messen,Hakmessen en kloofbijlen,Kloofbijlen,Wit,35 cm,"€ 154,01"
http://www.manhard.eu/upload/webshop/default_020219078.jpg?uid=0.3847925,Duits model,"MANHARD RVS kloofbijl, smal, 3000 gram",Messen,Hakmessen en kloofbijlen,Kloofbijlen,Wit,40 cm,"€ 166,49"
http://www.manhard.eu/upload/webshop/default_020219079.jpg?uid=0.6921045,Hollands model,"MANHARD RVS kloofbijl, 2500 gram",Messen,Hakmessen en kloofbijlen,Kloofbijlen,Wit,24 cm,"€ 133,04"
http://www.manhard.eu/upload/webshop/default_020219079.jpg?uid=0.6921045,Hollands model,"MANHARD RVS kloofbijl, VOLSTAAL, 3300 gram",Messen,Hakmessen en kloofbijlen,Kloofbijlen,Wit,27 cm,"€ 146,57"
http://www.manhard.eu/upload/webshop/default_020219079.jpg?uid=0.6921045,Hollands model,"MANHARD RVS kloofbijl, VOLSTAAL, 3400 gram",Messen,Hakmessen en kloofbijlen,Kloofbijlen,Wit,32 cm,"€ 187,23"
http://www.manhard.eu/upload/webshop/default_020420025.jpg?uid=0.1392481,Schilmes,"MANHARD schilmes, gebogen, gesmeed",Messen,MANHARD/ICEL horeca,Smeedijzeren messen,Zwart,7 cm,"€ 13,75"
http://www.manhard.eu/upload/webshop/default_020420020.jpg?uid=0.7553369,Broodmes,"MANHARD broodmes, gesmeed",Messen,MANHARD/ICEL horeca,Smeedijzeren messen,Zwart,21 cm,"€ 26,59"
http://www.manhard.eu/upload/webshop/default_020420015.jpg?uid=2.468288E-03,Trancheermes,"MANHARD trancheermes, gesmeed",Messen,MANHARD/ICEL horeca,Smeedijzeren messen,Zwart,19 cm,"€ 24,93"
http://www.manhard.eu/upload/webshop/default_020240084.jpg?uid=6.930178E-02,540 gram,"ICEL TECHNIEK hakmes 'de Luxe', 540 gram",Messen,Hakmessen en kloofbijlen,ICEL Hakmessen,Zwart,15 cm,"€ 18,86"
http://www.manhard.eu/upload/webshop/default_020420016.jpg?uid=0.288479,Santokumes,"MANHARD santokumes, gesmeed",Messen,MANHARD/ICEL horeca,Smeedijzeren messen,Zwart,18 cm,"€ 33,59"
http://www.manhard.eu/upload/webshop/default_020420023.jpg?uid=0.2525293,Fileermes,"MANHARD fileermes, flexibel, gesmeed",Messen,MANHARD/ICEL horeca,Smeedijzeren messen,Zwart,18 cm,"€ 23,4"
http://www.manhard.eu/upload/webshop/default_020240083.jpg?uid=0.8844873,435 gram,"ICEL hakmes, 435 gram",Messen,Hakmessen en kloofbijlen,ICEL Hakmessen,Zwart,15 cm,"€ 16,82"
http://www.manhard.eu/upload/webshop/default_020420017.jpg?uid=0.6104395,Koksmes,"MANHARD koksmes, gesmeed",Messen,MANHARD/ICEL horeca,Smeedijzeren messen,Zwart,16 cm,"€ 25,74"
http://www.manhard.eu/upload/webshop/default_020420017.jpg?uid=0.6104395,Koksmes,"MANHARD koksmes, gesmeed",Messen,MANHARD/ICEL horeca,Smeedijzeren messen,Zwart,21 cm,"€ 30,42"
http://www.manhard.eu/upload/webshop/default_020420017.jpg?uid=0.6104395,Koksmes,"MANHARD koksmes, gesmeed",Messen,MANHARD/ICEL horeca,Smeedijzeren messen,Zwart,23 cm,"€ 33,1"
http://www.manhard.eu/upload/webshop/default_020420017.jpg?uid=0.6104395,Koksmes,"MANHARD koksmes, gesmeed",Messen,MANHARD/ICEL horeca,Smeedijzeren messen,Zwart,26 cm,"€ 35,68"
http://www.manhard.eu/upload/webshop/default_020420017.jpg?uid=0.6104395,Koksmes,"MANHARD koksmes, gesmeed",Messen,MANHARD/ICEL horeca,Smeedijzeren messen,Zwart,29 cm,"€ 49,59"
http://www.manhard.eu/upload/webshop/default_020420019.jpg?uid=0.4051172,Uitbeenmes,"MANHARD uitbeenmes, gesmeed",Messen,MANHARD/ICEL horeca,Smeedijzeren messen,Zwart,13 cm,"€ 19,3"
http://www.manhard.eu/upload/webshop/default_020420019.jpg?uid=0.4051172,Uitbeenmes,"MANHARD uitbeenmes, gesmeed",Messen,MANHARD/ICEL horeca,Smeedijzeren messen,Zwart,16 cm,"€ 21,44"
http://www.manhard.eu/upload/webshop/default_020504053.jpg?uid=0.5768701,breed,"VICTORINOX blokmes, breed",Messen,VICTORINOX messen,blokmes,Rood,25 cm,"€ 24,07"
http://www.manhard.eu/upload/webshop/default_020504053.jpg?uid=0.5768701,breed,"VICTORINOX blokmes, breed",Messen,VICTORINOX messen,blokmes,Blauw,25 cm,"€ 24,07"
http://www.manhard.eu/upload/webshop/default_020504053.jpg?uid=0.5768701,breed,"VICTORINOX blokmes, breed",Messen,VICTORINOX messen,blokmes,Zwart,18 cm,"€ 18,32"
http://www.manhard.eu/upload/webshop/default_020504053.jpg?uid=0.5768701,breed,"VICTORINOX blokmes, breed",Messen,VICTORINOX messen,blokmes,Zwart,20 cm,"€ 19,91"
http://www.manhard.eu/upload/webshop/default_020504053.jpg?uid=0.5768701,breed,"VICTORINOX blokmes, breed",Messen,VICTORINOX messen,blokmes,Zwart,25 cm,"€ 23,84"
http://www.manhard.eu/upload/webshop/default_020504053.jpg?uid=0.5768701,breed,"VICTORINOX blokmes, breed",Messen,VICTORINOX messen,blokmes,Zwart,31 cm,"€ 30,36"
http://www.manhard.eu/upload/webshop/default_020504053.jpg?uid=0.5768701,breed,"VICTORINOX blokmes, breed",Messen,VICTORINOX messen,blokmes,Zwart,36 cm,"€ 35,92"
http://www.manhard.eu/upload/webshop/default_020504054.jpg?uid=0.3021509,Smal,"VICTORINOX blokmes, smal",Messen,VICTORINOX messen,blokmes,Zwart,15 cm,"€ 16,71"
http://www.manhard.eu/upload/webshop/default_020504054.jpg?uid=0.3021509,Smal,"VICTORINOX blokmes, smal",Messen,VICTORINOX messen,blokmes,Zwart,18 cm,"€ 17,75"
http://www.manhard.eu/upload/webshop/default_020504054.jpg?uid=0.3021509,Smal,"VICTORINOX blokmes, smal",Messen,VICTORINOX messen,blokmes,Geel,15 cm,"€ 17,08"
http://www.manhard.eu/upload/webshop/default_020504054.jpg?uid=0.3021509,Smal,"VICTORINOX blokmes, smal",Messen,VICTORINOX messen,blokmes,Geel,18 cm,"€ 17,95"
http://www.manhard.eu/upload/webshop/default_020503065.jpg?uid=0.5330469,Voorsnijmes,VICTORINOX voorsnijmes,Messen,VICTORINOX messen,Voorsnijmes,Zwart,16 cm,"€ 14,12"
http://www.manhard.eu/upload/webshop/default_020503065.jpg?uid=0.5330469,Voorsnijmes,VICTORINOX voorsnijmes,Messen,VICTORINOX messen,Voorsnijmes,Zwart,18 cm,"€ 15,76"
http://www.manhard.eu/upload/webshop/default_020503065.jpg?uid=0.5330469,Voorsnijmes,VICTORINOX voorsnijmes,Messen,VICTORINOX messen,Voorsnijmes,Zwart,20 cm,"€ 18,06"
http://www.manhard.eu/upload/webshop/default_020503065.jpg?uid=0.5330469,Voorsnijmes,VICTORINOX voorsnijmes,Messen,VICTORINOX messen,Voorsnijmes,Zwart,23 cm,"€ 18,15"
http://www.manhard.eu/upload/webshop/default_020503065.jpg?uid=0.5330469,Voorsnijmes,VICTORINOX voorsnijmes,Messen,VICTORINOX messen,Voorsnijmes,Zwart,26 cm,"€ 21,08"
http://www.manhard.eu/upload/webshop/default_020503065.jpg?uid=0.5330469,Voorsnijmes,VICTORINOX voorsnijmes,Messen,VICTORINOX messen,Voorsnijmes,Zwart,28 cm,"€ 25,04"
http://www.manhard.eu/upload/webshop/default_020503065.jpg?uid=0.5330469,Voorsnijmes,VICTORINOX voorsnijmes,Messen,VICTORINOX messen,Voorsnijmes,Zwart,31 cm,"€ 27,6"
http://www.manhard.eu/upload/webshop/default_020502065.jpg?uid=0.4305078,Spitse punt,"VICTORINOX steekmes, spitse punt",Messen,VICTORINOX messen,Steekmes,Zwart,12 cm,"€ 13,28"
http://www.manhard.eu/upload/webshop/default_020502065.jpg?uid=0.4305078,Spitse punt,"VICTORINOX steekmes, spitse punt",Messen,VICTORINOX messen,Steekmes,Zwart,14 cm,"€ 11,85"
http://www.manhard.eu/upload/webshop/default_020502065.jpg?uid=0.4305078,Spitse punt,"VICTORINOX steekmes, spitse punt",Messen,VICTORINOX messen,Steekmes,Zwart,16 cm,"€ 12,97"
http://www.manhard.eu/upload/webshop/default_020502065.jpg?uid=0.4305078,Spitse punt,"VICTORINOX steekmes, spitse punt",Messen,VICTORINOX messen,Steekmes,Zwart,18 cm,"€ 14,61"
http://www.manhard.eu/upload/webshop/default_020502065.jpg?uid=0.4305078,Spitse punt,"VICTORINOX steekmes, spitse punt",Messen,VICTORINOX messen,Steekmes,Zwart,20 cm,"€ 17,8"
http://www.manhard.eu/upload/webshop/default_020501056.jpg?uid=0.3785669,Smal gebogen,"VICTORINOX uitbeenmes, smal, gebogen",Messen,VICTORINOX messen,Uitbeenmes,Rood,12 cm,"€ 10,09"
http://www.manhard.eu/upload/webshop/default_020501056.jpg?uid=0.3785669,Smal gebogen,"VICTORINOX uitbeenmes, smal, gebogen",Messen,VICTORINOX messen,Uitbeenmes,Rood,15 cm,"€ 11,13"
http://www.manhard.eu/upload/webshop/default_020501056.jpg?uid=0.3785669,Smal gebogen,"VICTORINOX uitbeenmes, smal, gebogen",Messen,VICTORINOX messen,Uitbeenmes,Blauw,12 cm,"€ 10,09"
http://www.manhard.eu/upload/webshop/default_020501056.jpg?uid=0.3785669,Smal gebogen,"VICTORINOX uitbeenmes, smal, gebogen",Messen,VICTORINOX messen,Uitbeenmes,Blauw,15 cm,"€ 11,13"
http://www.manhard.eu/upload/webshop/default_020501056.jpg?uid=0.3785669,Smal gebogen,"VICTORINOX uitbeenmes, smal, gebogen",Messen,VICTORINOX messen,Uitbeenmes,Zwart,12 cm,"€ 9,78"
http://www.manhard.eu/upload/webshop/default_020501056.jpg?uid=0.3785669,Smal gebogen,"VICTORINOX uitbeenmes, smal, gebogen",Messen,VICTORINOX messen,Uitbeenmes,Zwart,15 cm,"€ 10,87"
http://www.manhard.eu/upload/webshop/default_020501056.jpg?uid=0.3785669,Smal gebogen,"VICTORINOX uitbeenmes, smal, gebogen",Messen,VICTORINOX messen,Uitbeenmes,Geel,12 cm,"€ 10,11"
http://www.manhard.eu/upload/webshop/default_020420021.jpg?uid=0.1319239,Officemes,"MANHARD officemes, gesmeed",Messen,MANHARD/ICEL horeca,Smeedijzeren messen,Zwart,9 cm,"€ 13,75"
http://www.manhard.eu/upload/webshop/default_020420021.jpg?uid=0.1319239,Officemes,"MANHARD officemes, gesmeed",Messen,MANHARD/ICEL horeca,Smeedijzeren messen,Zwart,12 cm,"€ 14,45"
http://www.manhard.eu/upload/webshop/default_020306007.jpg?uid=0.8571131,Haring,MANHARD haring fileermes,Messen,ICEL vismessen,Fileermes,Zwart,6 cm,"€ 3,93"
http://www.manhard.eu/upload/webshop/default_020420018.jpg?uid=0.192135,Vleesmes,"MANHARD vleesmes, gesmeed",Messen,MANHARD/ICEL horeca,Smeedijzeren messen,Zwart,16 cm,"€ 19,78"
http://www.manhard.eu/upload/webshop/default_020420018.jpg?uid=0.192135,Vleesmes,"MANHARD vleesmes, gesmeed",Messen,MANHARD/ICEL horeca,Smeedijzeren messen,Zwart,18 cm,"€ 23,17"
http://www.manhard.eu/upload/webshop/default_020420018.jpg?uid=0.192135,Vleesmes,"MANHARD vleesmes, gesmeed",Messen,MANHARD/ICEL horeca,Smeedijzeren messen,Zwart,21 cm,"€ 24,93"
http://www.manhard.eu/upload/webshop/default_020420018.jpg?uid=0.192135,Vleesmes,"MANHARD vleesmes, gesmeed",Messen,MANHARD/ICEL horeca,Smeedijzeren messen,Zwart,23 cm,"€ 26,77"
http://www.manhard.eu/upload/webshop/default_020420018.jpg?uid=0.192135,Vleesmes,"MANHARD vleesmes, gesmeed",Messen,MANHARD/ICEL horeca,Smeedijzeren messen,Zwart,26 cm,"€ 28,85"
http://www.manhard.eu/upload/webshop/default_020306005.jpg?uid=0.4387171,Urker,"ICEL URKER fileermes, smal, hout",Messen,ICEL vismessen,Fileermes,n.v.t.,16 cm,"€ 7,89"
http://www.manhard.eu/upload/webshop/default_020306005.jpg?uid=0.4387171,Urker,"ICEL/PROFLEX Microban® URKER fileermes, smal",Messen,ICEL vismessen,Fileermes,Geel,16 cm,"€ 6,86"
http://www.manhard.eu/upload/webshop/default_020306005.jpg?uid=0.4387171,Urker,"ICEL/PROFLEX URKER Microban® fileermes, breed",Messen,ICEL vismessen,Fileermes,Geel,16 cm,"€ 8,53"
http://www.manhard.eu/upload/webshop/default_020306005.jpg?uid=0.4387171,Urker,"ICEL/PROFLEX URKER Microban® fileermes, smal",Messen,ICEL vismessen,Fileermes,Blauw,16 cm,"€ 6,86"
http://www.manhard.eu/upload/webshop/default_020306005.jpg?uid=0.4387171,Urker,"ICEL/PROFLEX Microban® URKER fileermes, breed",Messen,ICEL vismessen,Fileermes,Blauw,16 cm,"€ 8,53"
http://www.manhard.eu/upload/webshop/default_020306065.jpg?uid=2.221316E-02,Haring kaakmes,"MANHARD haring kaakmes, hout",Messen,ICEL vismessen,Fileermes,n.v.t.,4 cm,"€ 3,27"
http://www.manhard.eu/upload/webshop/default_020306065.jpg?uid=2.221316E-02,Haring kaakmes,MANHARD haring kaakmes,Messen,ICEL vismessen,Fileermes,Zwart,4 cm,"€ 3,56"
http://www.manhard.eu/upload/webshop/default_020306006.jpg?uid=0.8851282,Kabeljauw,"ICEL/PROFLEX Microban® kabeljauw fileermes, flexibel",Messen,ICEL vismessen,Fileermes,Blauw,17 cm,"€ 8,96"
http://www.manhard.eu/upload/webshop/default_020306006.jpg?uid=0.8851282,Kabeljauw,ICEL/PROFLEX Microban® kabeljauw fileermes,Messen,ICEL vismessen,Fileermes,Blauw,17 cm,"€ 8,96"
http://www.manhard.eu/upload/webshop/default_020420024.jpg?uid=0.5960047,Tomaten-/kaasmes,"MANHARD tomaten-/kaasmes, gesmeed",Messen,MANHARD/ICEL horeca,Smeedijzeren messen,Zwart,13 cm,"€ 16,81"
